Ordem ,ID,x1 - comida de excelente qualidade,x2 - Interior atraente,x3 - porcoes generosas,x4 - comida com gosto excelente,x5 - bom valor para o dinheiro,x6 - funcionarios simpaticos,x7 - aparencia limpa e organizada,x8 - ambiente divertido,x9 - variedades de produtos,x10 - precos razoaveis,x11 - funcionarios gentis,x12 - funcionarios competentes,x13 - satisfacao,x14 - voltar no futuro,x15 - recomendacao,x16 - frequencia,x17 - tempo como cliente,x18 - genero,x19 - idade,x20 - renda,x21 - retornou,x22 - restaurantes
1,1,5,1,5,5,5,3,1,1,7,4,2,2,5,5,5,3,3,0,3,5,1,Giino
2,2,5,1,5,5,5,3,1,1,7,4,2,2,5,5,5,3,3,0,3,5,1,Giino
3,3,5,1,5,5,5,3,1,1,7,4,2,2,5,5,5,3,3,0,3,5,1,Giino
4,4,5,1,5,5,5,3,1,1,7,4,2,2,5,5,5,3,3,0,3,5,1,Giino
5,5,5,1,5,5,5,3,1,1,7,4,2,2,5,5,5,3,3,0,3,5,1,Giino
6,6,5,1,5,5,5,3,1,1,7,4,2,2,5,5,5,3,3,0,3,5,1,Giino
7,7,5,1,5,5,5,3,1,1,7,4,2,2,5,5,5,3,3,0,3,5,1,Giino
8,15,4,1,4,4,4,4,1,1,4,5,2,3,4,4,4,1,2,0,4,5,0,Giino
9,16,4,1,4,4,4,4,1,1,4,5,2,3,4,4,4,1,2,0,4,5,0,Giino
10,17,4,1,4,4,4,4,1,1,4,5,2,3,4,4,4,1,2,0,4,5,0,Giino
11,18,4,1,4,4,4,4,1,1,4,5,2,3,4,4,4,1,2,0,4,5,0,Giino
12,19,4,1,4,4,4,4,1,1,4,5,2,3,4,4,4,1,2,0,4,5,0,Giino
13,20,4,1,4,4,4,4,1,1,4,5,2,3,4,4,4,1,2,0,4,5,0,Giino
14,21,4,1,4,4,4,4,1,1,4,5,2,3,4,4,4,1,2,0,4,5,0,Giino
15,29,7,4,5,7,6,5,4,1,7,4,4,3,7,7,6,3,3,1,1,2,1,Giino
16,30,7,1,6,7,5,5,1,1,7,5,3,3,5,5,4,3,3,0,2,4,1,Giino
17,31,7,4,5,7,6,5,4,1,7,4,4,3,7,7,6,3,3,1,1,2,1,Giino
18,32,7,1,6,7,5,5,1,1,7,5,3,3,5,5,4,3,3,0,2,4,1,Giino
19,33,7,4,5,7,6,5,4,1,7,4,4,3,7,7,6,3,3,1,1,2,1,Giino
20,34,7,1,6,7,5,5,1,1,7,5,3,3,5,5,4,3,3,0,2,4,1,Giino
21,35,7,4,5,7,6,5,4,1,7,4,4,3,7,7,6,3,3,1,1,2,1,Giino
22,36,7,1,6,7,5,5,1,1,7,5,3,3,5,5,4,3,3,0,2,4,1,Giino
23,37,7,4,5,7,6,5,4,1,7,4,4,3,7,7,6,3,3,1,1,2,1,Giino
24,38,7,1,6,7,5,5,1,1,7,5,3,3,5,5,4,3,3,0,2,4,1,Giino
25,39,7,4,5,7,6,5,4,1,7,4,4,3,7,7,6,3,3,1,1,2,1,Giino
26,40,7,1,6,7,5,5,1,1,7,5,3,3,5,5,4,3,3,0,2,4,1,Giino
27,41,7,4,5,7,6,5,4,1,7,4,4,3,7,7,6,3,3,1,1,2,1,Giino
28,42,7,1,6,7,5,5,1,1,7,5,3,3,5,5,4,3,3,0,2,4,1,Giino
29,43,7,4,3,6,3,6,4,1,6,4,3,3,7,6,6,3,3,0,2,2,1,Giino
30,44,7,4,3,6,3,6,4,1,6,4,3,3,7,6,6,3,3,0,2,2,1,Giino
31,45,7,4,3,6,3,6,4,1,6,4,3,3,7,6,6,3,3,0,2,2,1,Giino
32,46,7,4,3,6,3,6,4,1,6,4,3,3,7,6,6,3,3,0,2,2,1,Giino
33,47,7,4,3,6,3,6,4,1,6,4,3,3,7,6,6,3,3,0,2,2,1,Giino
34,48,7,4,3,6,3,6,4,1,6,4,3,3,7,6,6,3,3,0,2,2,1,Giino
35,49,7,4,3,6,3,6,4,1,6,4,3,3,7,6,6,3,3,0,2,2,1,Giino
36,78,7,4,7,7,7,3,4,2,7,5,2,5,7,7,7,3,3,1,1,1,1,Giino
37,79,7,4,7,7,7,3,4,2,7,5,2,5,7,7,7,3,3,1,1,1,1,Giino
38,80,7,4,7,7,7,3,4,2,7,5,2,5,7,7,7,3,3,1,1,1,1,Giino
39,81,7,4,7,7,7,3,4,2,7,5,2,5,7,7,7,3,3,1,1,1,1,Giino
40,82,7,4,7,7,7,3,4,2,7,5,2,5,7,7,7,3,3,1,1,1,1,Giino
41,83,7,4,7,7,7,3,4,2,7,5,2,5,7,7,7,3,3,1,1,1,1,Giino
42,84,7,4,7,7,7,3,4,2,7,5,2,5,7,7,7,3,3,1,1,1,1,Giino
43,85,7,5,4,4,4,4,2,2,6,4,4,2,4,4,4,3,3,0,4,5,0,Giino
44,86,7,4,4,7,6,4,2,2,5,4,3,4,7,7,7,3,3,1,2,3,1,Giino
45,87,7,5,4,4,4,4,2,2,6,4,4,2,4,4,4,3,3,0,4,5,0,Giino
46,88,7,4,4,7,6,4,2,2,5,4,3,4,7,7,7,3,3,1,2,3,1,Giino
47,89,7,5,4,4,4,4,2,2,6,4,4,2,4,4,4,3,3,0,4,5,0,Giino
48,90,7,4,4,7,6,4,2,2,5,4,3,4,7,7,7,3,3,1,2,3,1,Giino
49,91,7,5,4,4,4,4,2,2,6,4,4,2,4,4,4,3,3,0,4,5,0,Giino
50,92,7,4,4,7,6,4,2,2,5,4,3,4,7,7,7,3,3,1,2,3,1,Giino
51,93,7,5,4,4,4,4,2,2,6,4,4,2,4,4,4,3,3,0,4,5,0,Giino
52,94,7,4,4,7,6,4,2,2,5,4,3,4,7,7,7,3,3,1,2,3,1,Giino
53,95,7,5,4,4,4,4,2,2,6,4,4,2,4,4,4,3,3,0,4,5,0,Giino
54,96,7,4,4,7,6,4,2,2,5,4,3,4,7,7,7,3,3,1,2,3,1,Giino
55,97,7,5,4,4,4,4,2,2,6,4,4,2,4,4,4,3,3,0,4,5,0,Giino
56,98,7,4,4,7,6,4,2,2,5,4,3,4,7,7,7,3,3,1,2,3,1,Giino
57,99,5,5,5,5,5,5,2,2,5,5,2,3,5,5,5,1,3,0,4,5,1,Giino
58,100,5,5,5,5,5,5,2,2,5,5,2,3,5,5,5,1,3,0,4,5,1,Giino
59,101,5,5,5,5,5,5,2,2,5,5,2,3,5,5,5,1,3,0,4,5,1,Giino
60,102,5,5,5,5,5,5,2,2,5,5,2,3,5,5,5,1,3,0,4,5,1,Giino
61,103,5,5,5,5,5,5,2,2,5,5,2,3,5,5,5,1,3,0,4,5,1,Giino
62,104,5,5,5,5,5,5,2,2,5,5,2,3,5,5,5,1,3,0,4,5,1,Giino
63,105,5,5,5,5,5,5,2,2,5,5,2,3,5,5,5,1,3,0,4,5,1,Giino
64,120,6,4,4,6,6,6,4,2,6,5,3,3,7,6,5,3,3,0,2,2,1,Giino
65,121,6,4,4,6,6,6,4,2,6,5,3,3,7,6,5,3,3,0,2,2,1,Giino
66,122,6,4,4,6,6,6,4,2,6,5,3,3,7,6,5,3,3,0,2,2,1,Giino
67,123,6,4,4,6,6,6,4,2,6,5,3,3,7,6,5,3,3,0,2,2,1,Giino
68,124,6,4,4,6,6,6,4,2,6,5,3,3,7,6,5,3,3,0,2,2,1,Giino
69,125,6,4,4,6,6,6,4,2,6,5,3,3,7,6,5,3,3,0,2,2,1,Giino
70,126,6,4,4,6,6,6,4,2,6,5,3,3,7,6,5,3,3,0,2,2,1,Giino
71,127,7,4,3,7,6,7,4,2,7,4,3,4,7,7,6,3,3,1,2,2,1,Giino
72,128,7,4,3,7,6,7,4,2,7,4,3,4,7,7,6,3,3,1,2,2,1,Giino
73,129,7,4,3,7,6,7,4,2,7,4,3,4,7,7,6,3,3,1,2,2,1,Giino
74,130,7,4,3,7,6,7,4,2,7,4,3,4,7,7,6,3,3,1,2,2,1,Giino
75,131,7,4,3,7,6,7,4,2,7,4,3,4,7,7,6,3,3,1,2,2,1,Giino
76,132,7,4,3,7,6,7,4,2,7,4,3,4,7,7,6,3,3,1,2,2,1,Giino
77,133,7,4,3,7,6,7,4,2,7,4,3,4,7,7,6,3,3,1,2,2,1,Giino
78,148,5,4,5,5,5,2,5,3,5,6,2,1,5,5,5,1,3,0,2,5,1,Giino
79,149,7,4,5,7,5,2,4,3,6,6,2,3,5,5,5,2,3,0,4,5,1,Giino
80,150,5,4,5,5,5,2,5,3,5,6,2,1,5,5,5,1,3,0,2,5,1,Giino
81,151,7,4,5,7,5,2,4,3,6,6,2,3,5,5,5,2,3,0,4,5,1,Giino
82,152,5,4,5,5,5,2,5,3,5,6,2,1,5,5,5,1,3,0,2,5,1,Giino
83,153,7,4,5,7,5,2,4,3,6,6,2,3,5,5,5,2,3,0,4,5,1,Giino
84,154,5,4,5,5,5,2,5,3,5,6,2,1,5,5,5,1,3,0,2,5,1,Giino
85,155,7,4,5,7,5,2,4,3,6,6,2,3,5,5,5,2,3,0,4,5,1,Giino
86,156,5,4,5,5,5,2,5,3,5,6,2,1,5,5,5,1,3,0,2,5,1,Giino
87,157,7,4,5,7,5,2,4,3,6,6,2,3,5,5,5,2,3,0,4,5,1,Giino
88,158,5,4,5,5,5,2,5,3,5,6,2,1,5,5,5,1,3,0,2,5,1,Giino
89,159,7,4,5,7,5,2,4,3,6,6,2,3,5,5,5,2,3,0,4,5,1,Giino
90,160,5,4,5,5,5,2,5,3,5,6,2,1,5,5,5,1,3,0,2,5,1,Giino
91,161,7,4,5,7,5,2,4,3,6,6,2,3,5,5,5,2,3,0,4,5,1,Giino
92,260,6,4,3,7,3,3,4,3,7,3,2,2,6,6,5,2,3,1,1,3,1,Giino
93,261,5,4,3,4,5,3,4,3,3,3,3,2,5,5,5,2,2,0,4,5,1,Giino
94,262,7,5,5,5,5,3,4,3,6,5,1,2,5,6,5,2,3,0,1,4,1,Giino
95,263,7,5,5,7,5,3,4,3,7,4,2,2,5,5,5,3,3,0,3,1,1,Giino
96,264,7,4,5,7,5,3,6,3,7,4,3,3,5,5,4,1,2,0,4,5,1,Giino
97,265,6,4,3,7,3,3,4,3,7,3,2,2,6,6,5,2,3,1,1,3,1,Giino
98,266,5,4,3,4,5,3,4,3,3,3,3,2,5,5,5,2,2,0,4,5,1,Giino
99,267,7,5,5,5,5,3,4,3,6,5,1,2,5,6,5,2,3,0,1,4,1,Giino
100,268,7,5,5,7,5,3,4,3,7,4,2,2,5,5,5,3,3,0,3,1,1,Giino
101,269,7,4,5,7,5,3,6,3,7,4,3,3,5,5,4,1,2,0,4,5,1,Giino
102,270,6,4,3,7,3,3,4,3,7,3,2,2,6,6,5,2,3,1,1,3,1,Giino
103,271,5,4,3,4,5,3,4,3,3,3,3,2,5,5,5,2,2,0,4,5,1,Giino
104,272,7,5,5,5,5,3,4,3,6,5,1,2,5,6,5,2,3,0,1,4,1,Giino
105,273,7,5,5,7,5,3,4,3,7,4,2,2,5,5,5,3,3,0,3,1,1,Giino
106,274,7,4,5,7,5,3,6,3,7,4,3,3,5,5,4,1,2,0,4,5,1,Giino
107,275,6,4,3,7,3,3,4,3,7,3,2,2,6,6,5,2,3,1,1,3,1,Giino
108,276,5,4,3,4,5,3,4,3,3,3,3,2,5,5,5,2,2,0,4,5,1,Giino
109,277,7,5,5,5,5,3,4,3,6,5,1,2,5,6,5,2,3,0,1,4,1,Giino
110,278,7,5,5,7,5,3,4,3,7,4,2,2,5,5,5,3,3,0,3,1,1,Giino
111,279,7,4,5,7,5,3,6,3,7,4,3,3,5,5,4,1,2,0,4,5,1,Giino
112,280,6,4,3,7,3,3,4,3,7,3,2,2,6,6,5,2,3,1,1,3,1,Giino
113,281,5,4,3,4,5,3,4,3,3,3,3,2,5,5,5,2,2,0,4,5,1,Giino
114,282,7,5,5,5,5,3,4,3,6,5,1,2,5,6,5,2,3,0,1,4,1,Giino
115,283,7,5,5,7,5,3,4,3,7,4,2,2,5,5,5,3,3,0,3,1,1,Giino
116,284,7,4,5,7,5,3,6,3,7,4,3,3,5,5,4,1,2,0,4,5,1,Giino
117,285,6,4,3,7,3,3,4,3,7,3,2,2,6,6,5,2,3,1,1,3,1,Giino
118,286,5,4,3,4,5,3,4,3,3,3,3,2,5,5,5,2,2,0,4,5,1,Giino
119,287,7,5,5,5,5,3,4,3,6,5,1,2,5,6,5,2,3,0,1,4,1,Giino
120,288,7,5,5,7,5,3,4,3,7,4,2,2,5,5,5,3,3,0,3,1,1,Giino
121,289,7,4,5,7,5,3,6,3,7,4,3,3,5,5,4,1,2,0,4,5,1,Giino
122,290,6,4,3,7,3,3,4,3,7,3,2,2,6,6,5,2,3,1,1,3,1,Giino
123,291,5,4,3,4,5,3,4,3,3,3,3,2,5,5,5,2,2,0,4,5,1,Giino
124,292,7,5,5,5,5,3,4,3,6,5,1,2,5,6,5,2,3,0,1,4,1,Giino
125,293,7,5,5,7,5,3,4,3,7,4,2,2,5,5,5,3,3,0,3,1,1,Giino
126,294,7,4,5,7,5,3,6,3,7,4,3,3,5,5,4,1,2,0,4,5,1,Giino
127,351,6,4,1,6,4,4,4,3,6,3,3,2,7,6,6,3,3,1,1,1,1,Giino
128,352,7,4,4,7,6,4,4,3,7,4,3,4,7,7,7,3,3,1,3,2,1,Giino
129,353,4,4,3,4,4,4,4,3,4,3,2,2,4,3,4,1,1,0,4,5,0,Giino
130,354,6,4,3,6,3,4,3,3,6,3,2,2,6,6,5,3,3,1,1,3,1,Giino
131,355,7,5,5,6,6,4,4,3,6,5,3,2,6,7,6,3,3,1,3,2,1,Giino
132,356,6,5,2,6,2,4,3,3,6,4,3,2,7,6,6,3,3,1,3,2,1,Giino
133,357,6,5,2,6,2,4,3,3,6,3,2,2,6,5,4,3,1,1,2,4,1,Giino
134,358,7,5,7,7,6,4,4,3,7,4,3,4,7,7,7,3,3,1,2,3,1,Giino
135,359,6,5,6,6,6,4,3,3,6,5,2,1,6,6,6,3,3,1,2,2,1,Giino
136,360,7,4,7,7,7,4,4,3,7,5,2,4,7,7,7,3,3,1,1,1,1,Giino
137,361,7,4,3,7,6,4,4,3,6,4,2,2,7,6,6,3,3,0,1,1,1,Giino
138,362,5,5,5,5,5,4,4,3,5,5,1,2,5,5,5,2,3,0,1,5,1,Giino
139,363,7,4,5,6,5,4,6,3,7,4,3,2,5,6,5,3,2,0,4,4,1,Giino
140,364,6,4,2,7,4,4,4,3,6,3,3,2,7,6,6,2,3,0,1,2,1,Giino
141,365,7,4,4,7,4,4,4,3,7,4,3,2,4,4,4,2,3,0,5,5,0,Giino
142,366,4,4,4,4,4,4,5,3,4,3,2,2,4,4,4,1,1,0,4,5,0,Giino
143,367,4,5,3,4,5,4,4,3,4,3,3,3,6,5,5,2,3,0,3,4,1,Giino
144,368,6,5,6,6,6,4,4,3,6,4,3,2,6,6,6,3,3,1,2,4,1,Giino
145,369,7,4,7,7,7,4,4,3,7,4,2,5,7,7,7,3,3,1,2,2,1,Giino
146,370,4,5,4,7,4,4,5,3,7,4,4,2,4,4,4,3,3,0,4,5,0,Giino
147,371,6,4,4,6,4,4,5,3,4,4,3,2,5,4,4,3,3,0,2,4,0,Giino
148,372,4,5,4,6,4,4,5,3,6,3,3,3,4,4,4,3,1,0,2,5,0,Giino
149,373,5,4,5,5,5,4,4,3,5,4,3,3,5,5,5,2,2,0,2,4,1,Giino
150,374,5,5,5,7,5,4,4,3,6,5,3,2,5,5,5,3,3,0,3,4,1,Giino
151,375,7,5,2,6,6,4,4,3,6,2,3,2,7,6,6,3,3,1,3,1,1,Giino
152,376,6,5,2,6,2,4,4,3,5,2,2,2,6,5,4,3,1,0,2,4,1,Giino
153,377,6,5,6,6,6,4,5,3,6,5,2,4,6,6,6,2,3,1,1,2,1,Giino
154,378,6,4,3,6,3,4,3,3,6,4,2,2,7,6,6,3,3,1,1,1,1,Giino
155,379,7,5,5,6,5,4,4,3,7,5,2,2,6,4,5,2,3,1,2,4,0,Giino
156,380,6,4,1,6,4,4,4,3,6,3,3,2,7,6,6,3,3,1,1,1,1,Giino
157,381,7,4,4,7,6,4,4,3,7,4,3,4,7,7,7,3,3,1,3,2,1,Giino
158,382,4,4,3,4,4,4,4,3,4,3,2,2,4,3,4,1,1,0,4,5,0,Giino
159,383,6,4,3,6,3,4,3,3,6,3,2,2,6,6,5,3,3,1,1,3,1,Giino
160,384,7,5,5,6,6,4,4,3,6,5,3,2,6,7,6,3,3,1,3,2,1,Giino
161,385,6,5,2,6,2,4,3,3,6,4,3,2,7,6,6,3,3,1,3,2,1,Giino
162,386,6,5,2,6,2,4,3,3,6,3,2,2,6,5,4,3,1,1,2,4,1,Giino
163,387,7,5,7,7,6,4,4,3,7,4,3,4,7,7,7,3,3,1,2,3,1,Giino
164,388,6,5,6,6,6,4,3,3,6,5,2,1,6,6,6,3,3,1,2,2,1,Giino
165,389,7,4,7,7,7,4,4,3,7,5,2,4,7,7,7,3,3,1,1,1,1,Giino
166,390,7,4,3,7,6,4,4,3,6,4,2,2,7,6,6,3,3,0,1,1,1,Giino
167,391,5,5,5,5,5,4,4,3,5,5,1,2,5,5,5,2,3,0,1,5,1,Giino
168,392,7,4,5,6,5,4,6,3,7,4,3,2,5,6,5,3,2,0,4,4,1,Giino
169,393,6,4,2,7,4,4,4,3,6,3,3,2,7,6,6,2,3,0,1,2,1,Giino
170,394,7,4,4,7,4,4,4,3,7,4,3,2,4,4,4,2,3,0,5,5,0,Giino
171,395,4,4,4,4,4,4,5,3,4,3,2,2,4,4,4,1,1,0,4,5,0,Giino
172,396,4,5,3,4,5,4,4,3,4,3,3,3,6,5,5,2,3,0,3,4,1,Giino
173,397,6,5,6,6,6,4,4,3,6,4,3,2,6,6,6,3,3,1,2,4,1,Giino
174,398,7,4,7,7,7,4,4,3,7,4,2,5,7,7,7,3,3,1,2,2,1,Giino
175,399,4,5,4,7,4,4,5,3,7,4,4,2,4,4,4,3,3,0,4,5,0,Giino
176,400,6,4,4,6,4,4,5,3,4,4,3,2,5,4,4,3,3,0,2,4,0,Giino
177,401,4,5,4,6,4,4,5,3,6,3,3,3,4,4,4,3,1,0,2,5,0,Giino
178,402,5,4,5,5,5,4,4,3,5,4,3,3,5,5,5,2,2,0,2,4,1,Giino
179,403,5,5,5,7,5,4,4,3,6,5,3,2,5,5,5,3,3,0,3,4,1,Giino
180,404,7,5,2,6,6,4,4,3,6,2,3,2,7,6,6,3,3,1,3,1,1,Giino
181,405,6,5,2,6,2,4,4,3,5,2,2,2,6,5,4,3,1,0,2,4,1,Giino
182,406,6,5,6,6,6,4,5,3,6,5,2,4,6,6,6,2,3,1,1,2,1,Giino
183,407,6,4,3,6,3,4,3,3,6,4,2,2,7,6,6,3,3,1,1,1,1,Giino
184,408,7,5,5,6,5,4,4,3,7,5,2,2,6,4,5,2,3,1,2,4,0,Giino
185,409,6,4,1,6,4,4,4,3,6,3,3,2,7,6,6,3,3,1,1,1,1,Giino
186,410,7,4,4,7,6,4,4,3,7,4,3,4,7,7,7,3,3,1,3,2,1,Giino
187,411,4,4,3,4,4,4,4,3,4,3,2,2,4,3,4,1,1,0,4,5,0,Giino
188,412,6,4,3,6,3,4,3,3,6,3,2,2,6,6,5,3,3,1,1,3,1,Giino
189,413,7,5,5,6,6,4,4,3,6,5,3,2,6,7,6,3,3,1,3,2,1,Giino
190,414,6,5,2,6,2,4,3,3,6,4,3,2,7,6,6,3,3,1,3,2,1,Giino
191,415,6,5,2,6,2,4,3,3,6,3,2,2,6,5,4,3,1,1,2,4,1,Giino
192,416,7,5,7,7,6,4,4,3,7,4,3,4,7,7,7,3,3,1,2,3,1,Giino
193,417,6,5,6,6,6,4,3,3,6,5,2,1,6,6,6,3,3,1,2,2,1,Giino
194,418,7,4,7,7,7,4,4,3,7,5,2,4,7,7,7,3,3,1,1,1,1,Giino
195,419,7,4,3,7,6,4,4,3,6,4,2,2,7,6,6,3,3,0,1,1,1,Giino
196,420,5,5,5,5,5,4,4,3,5,5,1,2,5,5,5,2,3,0,1,5,1,Giino
197,421,7,4,5,6,5,4,6,3,7,4,3,2,5,6,5,3,2,0,4,4,1,Giino
198,422,6,4,2,7,4,4,4,3,6,3,3,2,7,6,6,2,3,0,1,2,1,Giino
199,423,7,4,4,7,4,4,4,3,7,4,3,2,4,4,4,2,3,0,5,5,0,Giino
200,424,4,4,4,4,4,4,5,3,4,3,2,2,4,4,4,1,1,0,4,5,0,Giino
201,425,4,5,3,4,5,4,4,3,4,3,3,3,6,5,5,2,3,0,3,4,1,Giino
202,426,6,5,6,6,6,4,4,3,6,4,3,2,6,6,6,3,3,1,2,4,1,Giino
203,427,7,4,7,7,7,4,4,3,7,4,2,5,7,7,7,3,3,1,2,2,1,Giino
204,428,4,5,4,7,4,4,5,3,7,4,4,2,4,4,4,3,3,0,4,5,0,Giino
205,429,6,4,4,6,4,4,5,3,4,4,3,2,5,4,4,3,3,0,2,4,0,Giino
206,430,4,5,4,6,4,4,5,3,6,3,3,3,4,4,4,3,1,0,2,5,0,Giino
207,431,5,4,5,5,5,4,4,3,5,4,3,3,5,5,5,2,2,0,2,4,1,Giino
208,432,5,5,5,7,5,4,4,3,6,5,3,2,5,5,5,3,3,0,3,4,1,Giino
209,433,7,5,2,6,6,4,4,3,6,2,3,2,7,6,6,3,3,1,3,1,1,Giino
210,434,6,5,2,6,2,4,4,3,5,2,2,2,6,5,4,3,1,0,2,4,1,Giino
211,435,6,5,6,6,6,4,5,3,6,5,2,4,6,6,6,2,3,1,1,2,1,Giino
212,436,6,4,3,6,3,4,3,3,6,4,2,2,7,6,6,3,3,1,1,1,1,Giino
213,437,7,5,5,6,5,4,4,3,7,5,2,2,6,4,5,2,3,1,2,4,0,Giino
214,438,6,4,1,6,4,4,4,3,6,3,3,2,7,6,6,3,3,1,1,1,1,Giino
215,439,7,4,4,7,6,4,4,3,7,4,3,4,7,7,7,3,3,1,3,2,1,Giino
216,440,4,4,3,4,4,4,4,3,4,3,2,2,4,3,4,1,1,0,4,5,0,Giino
217,441,6,4,3,6,3,4,3,3,6,3,2,2,6,6,5,3,3,1,1,3,1,Giino
218,442,7,5,5,6,6,4,4,3,6,5,3,2,6,7,6,3,3,1,3,2,1,Giino
219,443,6,5,2,6,2,4,3,3,6,4,3,2,7,6,6,3,3,1,3,2,1,Giino
220,444,6,5,2,6,2,4,3,3,6,3,2,2,6,5,4,3,1,1,2,4,1,Giino
221,445,7,5,7,7,6,4,4,3,7,4,3,4,7,7,7,3,3,1,2,3,1,Giino
222,446,6,5,6,6,6,4,3,3,6,5,2,1,6,6,6,3,3,1,2,2,1,Giino
223,447,7,4,7,7,7,4,4,3,7,5,2,4,7,7,7,3,3,1,1,1,1,Giino
224,448,7,4,3,7,6,4,4,3,6,4,2,2,7,6,6,3,3,0,1,1,1,Giino
225,449,5,5,5,5,5,4,4,3,5,5,1,2,5,5,5,2,3,0,1,5,1,Giino
226,450,7,4,5,6,5,4,6,3,7,4,3,2,5,6,5,3,2,0,4,4,1,Giino
227,451,6,4,2,7,4,4,4,3,6,3,3,2,7,6,6,2,3,0,1,2,1,Giino
228,452,7,4,4,7,4,4,4,3,7,4,3,2,4,4,4,2,3,0,5,5,0,Giino
229,453,4,4,4,4,4,4,5,3,4,3,2,2,4,4,4,1,1,0,4,5,0,Giino
230,454,4,5,3,4,5,4,4,3,4,3,3,3,6,5,5,2,3,0,3,4,1,Giino
231,455,6,5,6,6,6,4,4,3,6,4,3,2,6,6,6,3,3,1,2,4,1,Giino
232,456,7,4,7,7,7,4,4,3,7,4,2,5,7,7,7,3,3,1,2,2,1,Giino
233,457,4,5,4,7,4,4,5,3,7,4,4,2,4,4,4,3,3,0,4,5,0,Giino
234,458,6,4,4,6,4,4,5,3,4,4,3,2,5,4,4,3,3,0,2,4,0,Giino
235,459,4,5,4,6,4,4,5,3,6,3,3,3,4,4,4,3,1,0,2,5,0,Giino
236,460,5,4,5,5,5,4,4,3,5,4,3,3,5,5,5,2,2,0,2,4,1,Giino
237,461,5,5,5,7,5,4,4,3,6,5,3,2,5,5,5,3,3,0,3,4,1,Giino
238,462,7,5,2,6,6,4,4,3,6,2,3,2,7,6,6,3,3,1,3,1,1,Giino
239,463,6,5,2,6,2,4,4,3,5,2,2,2,6,5,4,3,1,0,2,4,1,Giino
240,464,6,5,6,6,6,4,5,3,6,5,2,4,6,6,6,2,3,1,1,2,1,Giino
241,465,6,4,3,6,3,4,3,3,6,4,2,2,7,6,6,3,3,1,1,1,1,Giino
242,466,7,5,5,6,5,4,4,3,7,5,2,2,6,4,5,2,3,1,2,4,0,Giino
243,467,6,4,1,6,4,4,4,3,6,3,3,2,7,6,6,3,3,1,1,1,1,Giino
244,468,7,4,4,7,6,4,4,3,7,4,3,4,7,7,7,3,3,1,3,2,1,Giino
245,469,4,4,3,4,4,4,4,3,4,3,2,2,4,3,4,1,1,0,4,5,0,Giino
246,470,6,4,3,6,3,4,3,3,6,3,2,2,6,6,5,3,3,1,1,3,1,Giino
247,471,7,5,5,6,6,4,4,3,6,5,3,2,6,7,6,3,3,1,3,2,1,Giino
248,472,6,5,2,6,2,4,3,3,6,4,3,2,7,6,6,3,3,1,3,2,1,Giino
249,473,6,5,2,6,2,4,3,3,6,3,2,2,6,5,4,3,1,1,2,4,1,Giino
250,474,7,5,7,7,6,4,4,3,7,4,3,4,7,7,7,3,3,1,2,3,1,Giino
251,475,6,5,6,6,6,4,3,3,6,5,2,1,6,6,6,3,3,1,2,2,1,Giino
252,476,7,4,7,7,7,4,4,3,7,5,2,4,7,7,7,3,3,1,1,1,1,Giino
253,477,7,4,3,7,6,4,4,3,6,4,2,2,7,6,6,3,3,0,1,1,1,Giino
254,478,5,5,5,5,5,4,4,3,5,5,1,2,5,5,5,2,3,0,1,5,1,Giino
255,479,7,4,5,6,5,4,6,3,7,4,3,2,5,6,5,3,2,0,4,4,1,Giino
256,480,6,4,2,7,4,4,4,3,6,3,3,2,7,6,6,2,3,0,1,2,1,Giino
257,481,7,4,4,7,4,4,4,3,7,4,3,2,4,4,4,2,3,0,5,5,0,Giino
258,482,4,4,4,4,4,4,5,3,4,3,2,2,4,4,4,1,1,0,4,5,0,Giino
259,483,4,5,3,4,5,4,4,3,4,3,3,3,6,5,5,2,3,0,3,4,1,Giino
260,484,6,5,6,6,6,4,4,3,6,4,3,2,6,6,6,3,3,1,2,4,1,Giino
261,485,7,4,7,7,7,4,4,3,7,4,2,5,7,7,7,3,3,1,2,2,1,Giino
262,486,4,5,4,7,4,4,5,3,7,4,4,2,4,4,4,3,3,0,4,5,0,Giino
263,487,6,4,4,6,4,4,5,3,4,4,3,2,5,4,4,3,3,0,2,4,0,Giino
264,488,4,5,4,6,4,4,5,3,6,3,3,3,4,4,4,3,1,0,2,5,0,Giino
265,489,5,4,5,5,5,4,4,3,5,4,3,3,5,5,5,2,2,0,2,4,1,Giino
266,490,5,5,5,7,5,4,4,3,6,5,3,2,5,5,5,3,3,0,3,4,1,Giino
267,491,7,5,2,6,6,4,4,3,6,2,3,2,7,6,6,3,3,1,3,1,1,Giino
268,492,6,5,2,6,2,4,4,3,5,2,2,2,6,5,4,3,1,0,2,4,1,Giino
269,493,6,5,6,6,6,4,5,3,6,5,2,4,6,6,6,2,3,1,1,2,1,Giino
270,494,6,4,3,6,3,4,3,3,6,4,2,2,7,6,6,3,3,1,1,1,1,Giino
271,495,7,5,5,6,5,4,4,3,7,5,2,2,6,4,5,2,3,1,2,4,0,Giino
272,496,6,4,1,6,4,4,4,3,6,3,3,2,7,6,6,3,3,1,1,1,1,Giino
273,497,7,4,4,7,6,4,4,3,7,4,3,4,7,7,7,3,3,1,3,2,1,Giino
274,498,4,4,3,4,4,4,4,3,4,3,2,2,4,3,4,1,1,0,4,5,0,Giino
275,499,6,4,3,6,3,4,3,3,6,3,2,2,6,6,5,3,3,1,1,3,1,Giino
276,500,7,5,5,6,6,4,4,3,6,5,3,2,6,7,6,3,3,1,3,2,1,Giino
277,501,6,5,2,6,2,4,3,3,6,4,3,2,7,6,6,3,3,1,3,2,1,Giino
278,502,6,5,2,6,2,4,3,3,6,3,2,2,6,5,4,3,1,1,2,4,1,Giino
279,503,7,5,7,7,6,4,4,3,7,4,3,4,7,7,7,3,3,1,2,3,1,Giino
280,504,6,5,6,6,6,4,3,3,6,5,2,1,6,6,6,3,3,1,2,2,1,Giino
281,505,7,4,7,7,7,4,4,3,7,5,2,4,7,7,7,3,3,1,1,1,1,Giino
282,506,7,4,3,7,6,4,4,3,6,4,2,2,7,6,6,3,3,0,1,1,1,Giino
283,507,5,5,5,5,5,4,4,3,5,5,1,2,5,5,5,2,3,0,1,5,1,Giino
284,508,7,4,5,6,5,4,6,3,7,4,3,2,5,6,5,3,2,0,4,4,1,Giino
285,509,6,4,2,7,4,4,4,3,6,3,3,2,7,6,6,2,3,0,1,2,1,Giino
286,510,7,4,4,7,4,4,4,3,7,4,3,2,4,4,4,2,3,0,5,5,0,Giino
287,511,4,4,4,4,4,4,5,3,4,3,2,2,4,4,4,1,1,0,4,5,0,Giino
288,512,4,5,3,4,5,4,4,3,4,3,3,3,6,5,5,2,3,0,3,4,1,Giino
289,513,6,5,6,6,6,4,4,3,6,4,3,2,6,6,6,3,3,1,2,4,1,Giino
290,514,7,4,7,7,7,4,4,3,7,4,2,5,7,7,7,3,3,1,2,2,1,Giino
291,515,4,5,4,7,4,4,5,3,7,4,4,2,4,4,4,3,3,0,4,5,0,Giino
292,516,6,4,4,6,4,4,5,3,4,4,3,2,5,4,4,3,3,0,2,4,0,Giino
293,517,4,5,4,6,4,4,5,3,6,3,3,3,4,4,4,3,1,0,2,5,0,Giino
294,518,5,4,5,5,5,4,4,3,5,4,3,3,5,5,5,2,2,0,2,4,1,Giino
295,519,5,5,5,7,5,4,4,3,6,5,3,2,5,5,5,3,3,0,3,4,1,Giino
296,520,7,5,2,6,6,4,4,3,6,2,3,2,7,6,6,3,3,1,3,1,1,Giino
297,521,6,5,2,6,2,4,4,3,5,2,2,2,6,5,4,3,1,0,2,4,1,Giino
298,522,6,5,6,6,6,4,5,3,6,5,2,4,6,6,6,2,3,1,1,2,1,Giino
299,523,6,4,3,6,3,4,3,3,6,4,2,2,7,6,6,3,3,1,1,1,1,Giino
300,524,7,5,5,6,5,4,4,3,7,5,2,2,6,4,5,2,3,1,2,4,0,Giino
301,525,6,4,1,6,4,4,4,3,6,3,3,2,7,6,6,3,3,1,1,1,1,Giino
302,526,7,4,4,7,6,4,4,3,7,4,3,4,7,7,7,3,3,1,3,2,1,Giino
303,527,4,4,3,4,4,4,4,3,4,3,2,2,4,3,4,1,1,0,4,5,0,Giino
304,528,6,4,3,6,3,4,3,3,6,3,2,2,6,6,5,3,3,1,1,3,1,Giino
305,529,7,5,5,6,6,4,4,3,6,5,3,2,6,7,6,3,3,1,3,2,1,Giino
306,530,6,5,2,6,2,4,3,3,6,4,3,2,7,6,6,3,3,1,3,2,1,Giino
307,531,6,5,2,6,2,4,3,3,6,3,2,2,6,5,4,3,1,1,2,4,1,Giino
308,532,7,5,7,7,6,4,4,3,7,4,3,4,7,7,7,3,3,1,2,3,1,Giino
309,533,6,5,6,6,6,4,3,3,6,5,2,1,6,6,6,3,3,1,2,2,1,Giino
310,534,7,4,7,7,7,4,4,3,7,5,2,4,7,7,7,3,3,1,1,1,1,Giino
311,535,7,4,3,7,6,4,4,3,6,4,2,2,7,6,6,3,3,0,1,1,1,Giino
312,536,5,5,5,5,5,4,4,3,5,5,1,2,5,5,5,2,3,0,1,5,1,Giino
313,537,7,4,5,6,5,4,6,3,7,4,3,2,5,6,5,3,2,0,4,4,1,Giino
314,538,6,4,2,7,4,4,4,3,6,3,3,2,7,6,6,2,3,0,1,2,1,Giino
315,539,7,4,4,7,4,4,4,3,7,4,3,2,4,4,4,2,3,0,5,5,0,Giino
316,540,4,4,4,4,4,4,5,3,4,3,2,2,4,4,4,1,1,0,4,5,0,Giino
317,541,4,5,3,4,5,4,4,3,4,3,3,3,6,5,5,2,3,0,3,4,1,Giino
318,542,6,5,6,6,6,4,4,3,6,4,3,2,6,6,6,3,3,1,2,4,1,Giino
319,543,7,4,7,7,7,4,4,3,7,4,2,5,7,7,7,3,3,1,2,2,1,Giino
320,544,4,5,4,7,4,4,5,3,7,4,4,2,4,4,4,3,3,0,4,5,0,Giino
321,545,6,4,4,6,4,4,5,3,4,4,3,2,5,4,4,3,3,0,2,4,0,Giino
322,546,4,5,4,6,4,4,5,3,6,3,3,3,4,4,4,3,1,0,2,5,0,Giino
323,547,5,4,5,5,5,4,4,3,5,4,3,3,5,5,5,2,2,0,2,4,1,Giino
324,548,5,5,5,7,5,4,4,3,6,5,3,2,5,5,5,3,3,0,3,4,1,Giino
325,549,7,5,2,6,6,4,4,3,6,2,3,2,7,6,6,3,3,1,3,1,1,Giino
326,550,6,5,2,6,2,4,4,3,5,2,2,2,6,5,4,3,1,0,2,4,1,Giino
327,551,6,5,6,6,6,4,5,3,6,5,2,4,6,6,6,2,3,1,1,2,1,Giino
328,552,6,4,3,6,3,4,3,3,6,4,2,2,7,6,6,3,3,1,1,1,1,Giino
329,553,7,5,5,6,5,4,4,3,7,5,2,2,6,4,5,2,3,1,2,4,0,Giino
330,610,5,4,5,5,5,5,3,3,5,4,3,2,5,5,5,2,3,0,5,5,1,Giino
331,611,4,5,3,4,5,5,3,3,3,4,2,3,7,6,6,3,3,1,3,3,1,Giino
332,612,7,4,3,6,4,5,4,3,6,5,3,2,7,6,5,3,3,1,2,3,1,Giino
333,613,4,4,3,4,4,5,4,3,4,4,3,3,7,6,5,3,3,1,1,3,1,Giino
334,614,4,5,4,4,4,5,3,3,4,4,4,3,5,4,4,2,3,0,4,4,0,Giino
335,615,7,4,4,7,6,5,3,3,7,4,3,4,7,7,7,3,3,1,2,2,1,Giino
336,616,6,5,2,5,2,5,4,3,5,3,3,3,6,5,5,3,1,1,2,4,1,Giino
337,617,7,4,3,5,3,5,3,3,6,3,3,2,7,5,4,3,1,0,2,2,1,Giino
338,618,4,4,4,5,4,5,3,3,4,4,3,3,5,7,5,2,2,0,2,4,1,Giino
339,619,4,4,5,5,5,5,4,3,4,5,5,3,6,5,4,1,3,0,2,4,1,Giino
340,620,5,3,2,5,2,5,3,3,5,3,3,3,6,5,5,3,3,0,3,4,1,Giino
341,621,5,5,5,5,5,5,4,3,5,3,3,2,5,5,5,2,2,0,4,5,1,Giino
342,622,5,5,5,5,5,5,2,3,5,3,1,2,5,5,5,3,3,0,1,5,1,Giino
343,623,4,4,1,4,3,5,4,3,4,3,3,2,5,4,5,1,2,0,1,5,0,Giino
344,624,7,5,5,6,5,5,4,3,7,5,2,2,6,5,5,3,3,0,2,4,1,Giino
345,625,6,5,5,6,6,5,3,3,6,5,3,2,7,6,5,3,3,0,3,3,1,Giino
346,626,7,4,7,7,7,5,5,3,7,4,3,4,7,7,7,3,3,1,3,2,1,Giino
347,627,4,5,3,4,3,5,3,3,4,4,2,3,5,4,6,3,3,0,4,4,0,Giino
348,628,7,4,3,6,3,5,4,3,7,5,3,2,7,6,5,3,3,1,2,3,1,Giino
349,629,4,4,3,4,3,5,4,3,3,4,3,3,7,6,5,2,3,0,1,3,1,Giino
350,630,5,5,5,4,4,5,4,3,4,4,4,3,5,4,6,2,3,0,2,4,0,Giino
351,631,7,4,1,7,1,5,3,3,6,4,5,3,7,6,5,3,3,1,2,2,1,Giino
352,632,7,4,7,7,7,5,2,3,7,4,3,5,7,7,7,3,3,0,2,3,1,Giino
353,633,7,4,3,7,3,5,4,3,6,3,3,2,5,5,4,3,1,0,2,4,1,Giino
354,634,6,4,5,6,6,5,6,3,6,4,4,2,6,7,6,3,3,1,1,2,1,Giino
355,635,6,5,6,6,6,5,4,3,6,5,3,4,7,6,6,2,3,1,3,3,1,Giino
356,636,4,5,6,4,6,5,4,3,4,5,4,4,7,6,6,2,3,1,2,3,1,Giino
357,637,5,4,5,5,5,5,3,3,5,4,3,2,5,5,5,2,3,0,5,5,1,Giino
358,638,4,5,3,4,5,5,3,3,3,4,2,3,7,6,6,3,3,1,3,3,1,Giino
359,639,7,4,3,6,4,5,4,3,6,5,3,2,7,6,5,3,3,1,2,3,1,Giino
360,640,4,4,3,4,4,5,4,3,4,4,3,3,7,6,5,3,3,1,1,3,1,Giino
361,641,4,5,4,4,4,5,3,3,4,4,4,3,5,4,4,2,3,0,4,4,0,Giino
362,642,7,4,4,7,6,5,3,3,7,4,3,4,7,7,7,3,3,1,2,2,1,Giino
363,643,6,5,2,5,2,5,4,3,5,3,3,3,6,5,5,3,1,1,2,4,1,Giino
364,644,7,4,3,5,3,5,3,3,6,3,3,2,7,5,4,3,1,0,2,2,1,Giino
365,645,4,4,4,5,4,5,3,3,4,4,3,3,5,7,5,2,2,0,2,4,1,Giino
366,646,4,4,5,5,5,5,4,3,4,5,5,3,6,5,4,1,3,0,2,4,1,Giino
367,647,5,3,2,5,2,5,3,3,5,3,3,3,6,5,5,3,3,0,3,4,1,Giino
368,648,5,5,5,5,5,5,4,3,5,3,3,2,5,5,5,2,2,0,4,5,1,Giino
369,649,5,5,5,5,5,5,2,3,5,3,1,2,5,5,5,3,3,0,1,5,1,Giino
370,650,4,4,1,4,3,5,4,3,4,3,3,2,5,4,5,1,2,0,1,5,0,Giino
371,651,7,5,5,6,5,5,4,3,7,5,2,2,6,5,5,3,3,0,2,4,1,Giino
372,652,6,5,5,6,6,5,3,3,6,5,3,2,7,6,5,3,3,0,3,3,1,Giino
373,653,7,4,7,7,7,5,5,3,7,4,3,4,7,7,7,3,3,1,3,2,1,Giino
374,654,4,5,3,4,3,5,3,3,4,4,2,3,5,4,6,3,3,0,4,4,0,Giino
375,655,7,4,3,6,3,5,4,3,7,5,3,2,7,6,5,3,3,1,2,3,1,Giino
376,656,4,4,3,4,3,5,4,3,3,4,3,3,7,6,5,2,3,0,1,3,1,Giino
377,657,5,5,5,4,4,5,4,3,4,4,4,3,5,4,6,2,3,0,2,4,0,Giino
378,658,7,4,1,7,1,5,3,3,6,4,5,3,7,6,5,3,3,1,2,2,1,Giino
379,659,7,4,7,7,7,5,2,3,7,4,3,5,7,7,7,3,3,0,2,3,1,Giino
380,660,7,4,3,7,3,5,4,3,6,3,3,2,5,5,4,3,1,0,2,4,1,Giino
381,661,6,4,5,6,6,5,6,3,6,4,4,2,6,7,6,3,3,1,1,2,1,Giino
382,662,6,5,6,6,6,5,4,3,6,5,3,4,7,6,6,2,3,1,3,3,1,Giino
383,663,4,5,6,4,6,5,4,3,4,5,4,4,7,6,6,2,3,1,2,3,1,Giino
384,664,5,4,5,5,5,5,3,3,5,4,3,2,5,5,5,2,3,0,5,5,1,Giino
385,665,4,5,3,4,5,5,3,3,3,4,2,3,7,6,6,3,3,1,3,3,1,Giino
386,666,7,4,3,6,4,5,4,3,6,5,3,2,7,6,5,3,3,1,2,3,1,Giino
387,667,4,4,3,4,4,5,4,3,4,4,3,3,7,6,5,3,3,1,1,3,1,Giino
388,668,4,5,4,4,4,5,3,3,4,4,4,3,5,4,4,2,3,0,4,4,0,Giino
389,669,7,4,4,7,6,5,3,3,7,4,3,4,7,7,7,3,3,1,2,2,1,Giino
390,670,6,5,2,5,2,5,4,3,5,3,3,3,6,5,5,3,1,1,2,4,1,Giino
391,671,7,4,3,5,3,5,3,3,6,3,3,2,7,5,4,3,1,0,2,2,1,Giino
392,672,4,4,4,5,4,5,3,3,4,4,3,3,5,7,5,2,2,0,2,4,1,Giino
393,673,4,4,5,5,5,5,4,3,4,5,5,3,6,5,4,1,3,0,2,4,1,Giino
394,674,5,3,2,5,2,5,3,3,5,3,3,3,6,5,5,3,3,0,3,4,1,Giino
395,675,5,5,5,5,5,5,4,3,5,3,3,2,5,5,5,2,2,0,4,5,1,Giino
396,676,5,5,5,5,5,5,2,3,5,3,1,2,5,5,5,3,3,0,1,5,1,Giino
397,677,4,4,1,4,3,5,4,3,4,3,3,2,5,4,5,1,2,0,1,5,0,Giino
398,678,7,5,5,6,5,5,4,3,7,5,2,2,6,5,5,3,3,0,2,4,1,Giino
399,679,6,5,5,6,6,5,3,3,6,5,3,2,7,6,5,3,3,0,3,3,1,Giino
400,680,7,4,7,7,7,5,5,3,7,4,3,4,7,7,7,3,3,1,3,2,1,Giino
401,681,4,5,3,4,3,5,3,3,4,4,2,3,5,4,6,3,3,0,4,4,0,Giino
402,682,7,4,3,6,3,5,4,3,7,5,3,2,7,6,5,3,3,1,2,3,1,Giino
403,683,4,4,3,4,3,5,4,3,3,4,3,3,7,6,5,2,3,0,1,3,1,Giino
404,684,5,5,5,4,4,5,4,3,4,4,4,3,5,4,6,2,3,0,2,4,0,Giino
405,685,7,4,1,7,1,5,3,3,6,4,5,3,7,6,5,3,3,1,2,2,1,Giino
406,686,7,4,7,7,7,5,2,3,7,4,3,5,7,7,7,3,3,0,2,3,1,Giino
407,687,7,4,3,7,3,5,4,3,6,3,3,2,5,5,4,3,1,0,2,4,1,Giino
408,688,6,4,5,6,6,5,6,3,6,4,4,2,6,7,6,3,3,1,1,2,1,Giino
409,689,6,5,6,6,6,5,4,3,6,5,3,4,7,6,6,2,3,1,3,3,1,Giino
410,690,4,5,6,4,6,5,4,3,4,5,4,4,7,6,6,2,3,1,2,3,1,Giino
411,691,5,4,5,5,5,5,3,3,5,4,3,2,5,5,5,2,3,0,5,5,1,Giino
412,692,4,5,3,4,5,5,3,3,3,4,2,3,7,6,6,3,3,1,3,3,1,Giino
413,693,7,4,3,6,4,5,4,3,6,5,3,2,7,6,5,3,3,1,2,3,1,Giino
414,694,4,4,3,4,4,5,4,3,4,4,3,3,7,6,5,3,3,1,1,3,1,Giino
415,695,4,5,4,4,4,5,3,3,4,4,4,3,5,4,4,2,3,0,4,4,0,Giino
416,696,7,4,4,7,6,5,3,3,7,4,3,4,7,7,7,3,3,1,2,2,1,Giino
417,697,6,5,2,5,2,5,4,3,5,3,3,3,6,5,5,3,1,1,2,4,1,Giino
418,698,7,4,3,5,3,5,3,3,6,3,3,2,7,5,4,3,1,0,2,2,1,Giino
419,699,4,4,4,5,4,5,3,3,4,4,3,3,5,7,5,2,2,0,2,4,1,Giino
420,700,4,4,5,5,5,5,4,3,4,5,5,3,6,5,4,1,3,0,2,4,1,Giino
421,701,5,3,2,5,2,5,3,3,5,3,3,3,6,5,5,3,3,0,3,4,1,Giino
422,702,5,5,5,5,5,5,4,3,5,3,3,2,5,5,5,2,2,0,4,5,1,Giino
423,703,5,5,5,5,5,5,2,3,5,3,1,2,5,5,5,3,3,0,1,5,1,Giino
424,704,4,4,1,4,3,5,4,3,4,3,3,2,5,4,5,1,2,0,1,5,0,Giino
425,705,7,5,5,6,5,5,4,3,7,5,2,2,6,5,5,3,3,0,2,4,1,Giino
426,706,6,5,5,6,6,5,3,3,6,5,3,2,7,6,5,3,3,0,3,3,1,Giino
427,707,7,4,7,7,7,5,5,3,7,4,3,4,7,7,7,3,3,1,3,2,1,Giino
428,708,4,5,3,4,3,5,3,3,4,4,2,3,5,4,6,3,3,0,4,4,0,Giino
429,709,7,4,3,6,3,5,4,3,7,5,3,2,7,6,5,3,3,1,2,3,1,Giino
430,710,4,4,3,4,3,5,4,3,3,4,3,3,7,6,5,2,3,0,1,3,1,Giino
431,711,5,5,5,4,4,5,4,3,4,4,4,3,5,4,6,2,3,0,2,4,0,Giino
432,712,7,4,1,7,1,5,3,3,6,4,5,3,7,6,5,3,3,1,2,2,1,Giino
433,713,7,4,7,7,7,5,2,3,7,4,3,5,7,7,7,3,3,0,2,3,1,Giino
434,714,7,4,3,7,3,5,4,3,6,3,3,2,5,5,4,3,1,0,2,4,1,Giino
435,715,6,4,5,6,6,5,6,3,6,4,4,2,6,7,6,3,3,1,1,2,1,Giino
436,716,6,5,6,6,6,5,4,3,6,5,3,4,7,6,6,2,3,1,3,3,1,Giino
437,717,4,5,6,4,6,5,4,3,4,5,4,4,7,6,6,2,3,1,2,3,1,Giino
438,718,5,4,5,5,5,5,3,3,5,4,3,2,5,5,5,2,3,0,5,5,1,Giino
439,719,4,5,3,4,5,5,3,3,3,4,2,3,7,6,6,3,3,1,3,3,1,Giino
440,720,7,4,3,6,4,5,4,3,6,5,3,2,7,6,5,3,3,1,2,3,1,Giino
441,721,4,4,3,4,4,5,4,3,4,4,3,3,7,6,5,3,3,1,1,3,1,Giino
442,722,4,5,4,4,4,5,3,3,4,4,4,3,5,4,4,2,3,0,4,4,0,Giino
443,723,7,4,4,7,6,5,3,3,7,4,3,4,7,7,7,3,3,1,2,2,1,Giino
444,724,6,5,2,5,2,5,4,3,5,3,3,3,6,5,5,3,1,1,2,4,1,Giino
445,725,7,4,3,5,3,5,3,3,6,3,3,2,7,5,4,3,1,0,2,2,1,Giino
446,726,4,4,4,5,4,5,3,3,4,4,3,3,5,7,5,2,2,0,2,4,1,Giino
447,727,4,4,5,5,5,5,4,3,4,5,5,3,6,5,4,1,3,0,2,4,1,Giino
448,728,5,3,2,5,2,5,3,3,5,3,3,3,6,5,5,3,3,0,3,4,1,Giino
449,729,5,5,5,5,5,5,4,3,5,3,3,2,5,5,5,2,2,0,4,5,1,Giino
450,730,5,5,5,5,5,5,2,3,5,3,1,2,5,5,5,3,3,0,1,5,1,Giino
451,731,4,4,1,4,3,5,4,3,4,3,3,2,5,4,5,1,2,0,1,5,0,Giino
452,732,7,5,5,6,5,5,4,3,7,5,2,2,6,5,5,3,3,0,2,4,1,Giino
453,733,6,5,5,6,6,5,3,3,6,5,3,2,7,6,5,3,3,0,3,3,1,Giino
454,734,7,4,7,7,7,5,5,3,7,4,3,4,7,7,7,3,3,1,3,2,1,Giino
455,735,4,5,3,4,3,5,3,3,4,4,2,3,5,4,6,3,3,0,4,4,0,Giino
456,736,7,4,3,6,3,5,4,3,7,5,3,2,7,6,5,3,3,1,2,3,1,Giino
457,737,4,4,3,4,3,5,4,3,3,4,3,3,7,6,5,2,3,0,1,3,1,Giino
458,738,5,5,5,4,4,5,4,3,4,4,4,3,5,4,6,2,3,0,2,4,0,Giino
459,739,7,4,1,7,1,5,3,3,6,4,5,3,7,6,5,3,3,1,2,2,1,Giino
460,740,7,4,7,7,7,5,2,3,7,4,3,5,7,7,7,3,3,0,2,3,1,Giino
461,741,7,4,3,7,3,5,4,3,6,3,3,2,5,5,4,3,1,0,2,4,1,Giino
462,742,6,4,5,6,6,5,6,3,6,4,4,2,6,7,6,3,3,1,1,2,1,Giino
463,743,6,5,6,6,6,5,4,3,6,5,3,4,7,6,6,2,3,1,3,3,1,Giino
464,744,4,5,6,4,6,5,4,3,4,5,4,4,7,6,6,2,3,1,2,3,1,Giino
465,745,5,4,5,5,5,5,3,3,5,4,3,2,5,5,5,2,3,0,5,5,1,Giino
466,746,4,5,3,4,5,5,3,3,3,4,2,3,7,6,6,3,3,1,3,3,1,Giino
467,747,7,4,3,6,4,5,4,3,6,5,3,2,7,6,5,3,3,1,2,3,1,Giino
468,748,4,4,3,4,4,5,4,3,4,4,3,3,7,6,5,3,3,1,1,3,1,Giino
469,749,4,5,4,4,4,5,3,3,4,4,4,3,5,4,4,2,3,0,4,4,0,Giino
470,750,7,4,4,7,6,5,3,3,7,4,3,4,7,7,7,3,3,1,2,2,1,Giino
471,751,6,5,2,5,2,5,4,3,5,3,3,3,6,5,5,3,1,1,2,4,1,Giino
472,752,7,4,3,5,3,5,3,3,6,3,3,2,7,5,4,3,1,0,2,2,1,Giino
473,753,4,4,4,5,4,5,3,3,4,4,3,3,5,7,5,2,2,0,2,4,1,Giino
474,754,4,4,5,5,5,5,4,3,4,5,5,3,6,5,4,1,3,0,2,4,1,Giino
475,755,5,3,2,5,2,5,3,3,5,3,3,3,6,5,5,3,3,0,3,4,1,Giino
476,756,5,5,5,5,5,5,4,3,5,3,3,2,5,5,5,2,2,0,4,5,1,Giino
477,757,5,5,5,5,5,5,2,3,5,3,1,2,5,5,5,3,3,0,1,5,1,Giino
478,758,4,4,1,4,3,5,4,3,4,3,3,2,5,4,5,1,2,0,1,5,0,Giino
479,759,7,5,5,6,5,5,4,3,7,5,2,2,6,5,5,3,3,0,2,4,1,Giino
480,760,6,5,5,6,6,5,3,3,6,5,3,2,7,6,5,3,3,0,3,3,1,Giino
481,761,7,4,7,7,7,5,5,3,7,4,3,4,7,7,7,3,3,1,3,2,1,Giino
482,762,4,5,3,4,3,5,3,3,4,4,2,3,5,4,6,3,3,0,4,4,0,Giino
483,763,7,4,3,6,3,5,4,3,7,5,3,2,7,6,5,3,3,1,2,3,1,Giino
484,764,4,4,3,4,3,5,4,3,3,4,3,3,7,6,5,2,3,0,1,3,1,Giino
485,765,5,5,5,4,4,5,4,3,4,4,4,3,5,4,6,2,3,0,2,4,0,Giino
486,766,7,4,1,7,1,5,3,3,6,4,5,3,7,6,5,3,3,1,2,2,1,Giino
487,767,7,4,7,7,7,5,2,3,7,4,3,5,7,7,7,3,3,0,2,3,1,Giino
488,768,7,4,3,7,3,5,4,3,6,3,3,2,5,5,4,3,1,0,2,4,1,Giino
489,769,6,4,5,6,6,5,6,3,6,4,4,2,6,7,6,3,3,1,1,2,1,Giino
490,770,6,5,6,6,6,5,4,3,6,5,3,4,7,6,6,2,3,1,3,3,1,Giino
491,771,4,5,6,4,6,5,4,3,4,5,4,4,7,6,6,2,3,1,2,3,1,Giino
492,772,5,4,5,5,5,5,3,3,5,4,3,2,5,5,5,2,3,0,5,5,1,Giino
493,773,4,5,3,4,5,5,3,3,3,4,2,3,7,6,6,3,3,1,3,3,1,Giino
494,774,7,4,3,6,4,5,4,3,6,5,3,2,7,6,5,3,3,1,2,3,1,Giino
495,775,4,4,3,4,4,5,4,3,4,4,3,3,7,6,5,3,3,1,1,3,1,Giino
496,776,4,5,4,4,4,5,3,3,4,4,4,3,5,4,4,2,3,0,4,4,0,Giino
497,777,7,4,4,7,6,5,3,3,7,4,3,4,7,7,7,3,3,1,2,2,1,Giino
498,778,6,5,2,5,2,5,4,3,5,3,3,3,6,5,5,3,1,1,2,4,1,Giino
499,779,7,4,3,5,3,5,3,3,6,3,3,2,7,5,4,3,1,0,2,2,1,Giino
500,780,4,4,4,5,4,5,3,3,4,4,3,3,5,7,5,2,2,0,2,4,1,Giino
501,781,4,4,5,5,5,5,4,3,4,5,5,3,6,5,4,1,3,0,2,4,1,Giino
502,782,5,3,2,5,2,5,3,3,5,3,3,3,6,5,5,3,3,0,3,4,1,Giino
503,783,5,5,5,5,5,5,4,3,5,3,3,2,5,5,5,2,2,0,4,5,1,Giino
504,784,5,5,5,5,5,5,2,3,5,3,1,2,5,5,5,3,3,0,1,5,1,Giino
505,785,4,4,1,4,3,5,4,3,4,3,3,2,5,4,5,1,2,0,1,5,0,Giino
506,786,7,5,5,6,5,5,4,3,7,5,2,2,6,5,5,3,3,0,2,4,1,Giino
507,787,6,5,5,6,6,5,3,3,6,5,3,2,7,6,5,3,3,0,3,3,1,Giino
508,788,7,4,7,7,7,5,5,3,7,4,3,4,7,7,7,3,3,1,3,2,1,Giino
509,789,4,5,3,4,3,5,3,3,4,4,2,3,5,4,6,3,3,0,4,4,0,Giino
510,790,7,4,3,6,3,5,4,3,7,5,3,2,7,6,5,3,3,1,2,3,1,Giino
511,791,4,4,3,4,3,5,4,3,3,4,3,3,7,6,5,2,3,0,1,3,1,Giino
512,792,5,5,5,4,4,5,4,3,4,4,4,3,5,4,6,2,3,0,2,4,0,Giino
513,793,7,4,1,7,1,5,3,3,6,4,5,3,7,6,5,3,3,1,2,2,1,Giino
514,794,7,4,7,7,7,5,2,3,7,4,3,5,7,7,7,3,3,0,2,3,1,Giino
515,795,7,4,3,7,3,5,4,3,6,3,3,2,5,5,4,3,1,0,2,4,1,Giino
516,796,6,4,5,6,6,5,6,3,6,4,4,2,6,7,6,3,3,1,1,2,1,Giino
517,797,6,5,6,6,6,5,4,3,6,5,3,4,7,6,6,2,3,1,3,3,1,Giino
518,798,4,5,6,4,6,5,4,3,4,5,4,4,7,6,6,2,3,1,2,3,1,Giino
519,799,5,5,3,5,6,6,4,3,4,4,4,4,7,6,6,3,3,1,2,3,1,Giino
520,800,7,4,4,6,4,6,4,3,7,5,3,3,7,6,5,3,3,1,2,2,1,Giino
521,801,4,5,6,6,6,6,5,3,4,5,4,3,7,6,6,3,3,1,2,3,1,Giino
522,802,4,4,5,4,5,6,4,3,5,5,5,3,6,5,4,2,3,0,2,4,1,Giino
523,803,5,5,3,5,6,6,4,3,4,4,4,4,7,6,6,3,3,1,2,3,1,Giino
524,804,7,4,4,6,4,6,4,3,7,5,3,3,7,6,5,3,3,1,2,2,1,Giino
525,805,4,5,6,6,6,6,5,3,4,5,4,3,7,6,6,3,3,1,2,3,1,Giino
526,806,4,4,5,4,5,6,4,3,5,5,5,3,6,5,4,2,3,0,2,4,1,Giino
527,807,5,5,3,5,6,6,4,3,4,4,4,4,7,6,6,3,3,1,2,3,1,Giino
528,808,7,4,4,6,4,6,4,3,7,5,3,3,7,6,5,3,3,1,2,2,1,Giino
529,809,4,5,6,6,6,6,5,3,4,5,4,3,7,6,6,3,3,1,2,3,1,Giino
530,810,4,4,5,4,5,6,4,3,5,5,5,3,6,5,4,2,3,0,2,4,1,Giino
531,811,5,5,3,5,6,6,4,3,4,4,4,4,7,6,6,3,3,1,2,3,1,Giino
532,812,7,4,4,6,4,6,4,3,7,5,3,3,7,6,5,3,3,1,2,2,1,Giino
533,813,4,5,6,6,6,6,5,3,4,5,4,3,7,6,6,3,3,1,2,3,1,Giino
534,814,4,4,5,4,5,6,4,3,5,5,5,3,6,5,4,2,3,0,2,4,1,Giino
535,815,5,5,3,5,6,6,4,3,4,4,4,4,7,6,6,3,3,1,2,3,1,Giino
536,816,7,4,4,6,4,6,4,3,7,5,3,3,7,6,5,3,3,1,2,2,1,Giino
537,817,4,5,6,6,6,6,5,3,4,5,4,3,7,6,6,3,3,1,2,3,1,Giino
538,818,4,4,5,4,5,6,4,3,5,5,5,3,6,5,4,2,3,0,2,4,1,Giino
539,819,5,5,3,5,6,6,4,3,4,4,4,4,7,6,6,3,3,1,2,3,1,Giino
540,820,7,4,4,6,4,6,4,3,7,5,3,3,7,6,5,3,3,1,2,2,1,Giino
541,821,4,5,6,6,6,6,5,3,4,5,4,3,7,6,6,3,3,1,2,3,1,Giino
542,822,4,4,5,4,5,6,4,3,5,5,5,3,6,5,4,2,3,0,2,4,1,Giino
543,823,5,5,3,5,6,6,4,3,4,4,4,4,7,6,6,3,3,1,2,3,1,Giino
544,824,7,4,4,6,4,6,4,3,7,5,3,3,7,6,5,3,3,1,2,2,1,Giino
545,825,4,5,6,6,6,6,5,3,4,5,4,3,7,6,6,3,3,1,2,3,1,Giino
546,826,4,4,5,4,5,6,4,3,5,5,5,3,6,5,4,2,3,0,2,4,1,Giino
547,925,6,5,6,6,6,3,5,4,6,3,1,3,7,6,6,3,3,1,1,1,1,Giino
548,926,6,5,6,6,6,3,5,4,6,3,1,3,7,6,6,3,3,1,1,1,1,Giino
549,927,6,5,6,6,6,3,5,4,6,3,1,3,7,6,6,3,3,1,1,1,1,Giino
550,928,6,5,6,6,6,3,5,4,6,3,1,3,7,6,6,3,3,1,1,1,1,Giino
551,929,6,5,6,6,6,3,5,4,6,3,1,3,7,6,6,3,3,1,1,1,1,Giino
552,930,6,5,6,6,6,3,5,4,6,3,1,3,7,6,6,3,3,1,1,1,1,Giino
553,931,6,5,6,6,6,3,5,4,6,3,1,3,7,6,6,3,3,1,1,1,1,Giino
554,1065,6,6,6,6,6,4,3,4,6,5,3,3,6,6,6,3,3,1,2,1,1,Giino
555,1066,4,5,3,5,3,4,3,4,5,3,3,3,6,5,5,2,3,1,3,4,1,Giino
556,1067,7,5,2,6,2,4,3,4,7,4,3,2,6,7,7,3,3,0,2,3,1,Giino
557,1068,7,4,5,7,7,4,3,4,7,4,2,4,7,7,7,3,3,1,2,2,1,Giino
558,1069,6,6,6,6,6,4,4,4,6,5,3,2,6,6,6,3,3,1,2,1,1,Giino
559,1070,7,5,7,7,7,4,5,4,7,3,3,5,7,7,7,2,3,1,2,3,1,Giino
560,1071,6,5,2,6,2,4,5,4,6,2,3,2,5,6,5,2,2,0,1,3,1,Giino
561,1072,7,5,5,7,6,4,7,4,6,5,3,3,5,4,4,3,3,0,2,5,0,Giino
562,1073,6,6,6,6,6,4,3,4,6,5,3,3,6,6,6,3,3,1,2,1,1,Giino
563,1074,4,5,3,5,3,4,3,4,5,3,3,3,6,5,5,2,3,1,3,4,1,Giino
564,1075,7,5,2,6,2,4,3,4,7,4,3,2,6,7,7,3,3,0,2,3,1,Giino
565,1076,7,4,5,7,7,4,3,4,7,4,2,4,7,7,7,3,3,1,2,2,1,Giino
566,1077,6,6,6,6,6,4,4,4,6,5,3,2,6,6,6,3,3,1,2,1,1,Giino
567,1078,7,5,7,7,7,4,5,4,7,3,3,5,7,7,7,2,3,1,2,3,1,Giino
568,1079,6,5,2,6,2,4,5,4,6,2,3,2,5,6,5,2,2,0,1,3,1,Giino
569,1080,7,5,5,7,6,4,7,4,6,5,3,3,5,4,4,3,3,0,2,5,0,Giino
570,1081,6,6,6,6,6,4,3,4,6,5,3,3,6,6,6,3,3,1,2,1,1,Giino
571,1082,4,5,3,5,3,4,3,4,5,3,3,3,6,5,5,2,3,1,3,4,1,Giino
572,1083,7,5,2,6,2,4,3,4,7,4,3,2,6,7,7,3,3,0,2,3,1,Giino
573,1084,7,4,5,7,7,4,3,4,7,4,2,4,7,7,7,3,3,1,2,2,1,Giino
574,1085,6,6,6,6,6,4,4,4,6,5,3,2,6,6,6,3,3,1,2,1,1,Giino
575,1086,7,5,7,7,7,4,5,4,7,3,3,5,7,7,7,2,3,1,2,3,1,Giino
576,1087,6,5,2,6,2,4,5,4,6,2,3,2,5,6,5,2,2,0,1,3,1,Giino
577,1088,7,5,5,7,6,4,7,4,6,5,3,3,5,4,4,3,3,0,2,5,0,Giino
578,1089,6,6,6,6,6,4,3,4,6,5,3,3,6,6,6,3,3,1,2,1,1,Giino
579,1090,4,5,3,5,3,4,3,4,5,3,3,3,6,5,5,2,3,1,3,4,1,Giino
580,1091,7,5,2,6,2,4,3,4,7,4,3,2,6,7,7,3,3,0,2,3,1,Giino
581,1092,7,4,5,7,7,4,3,4,7,4,2,4,7,7,7,3,3,1,2,2,1,Giino
582,1093,6,6,6,6,6,4,4,4,6,5,3,2,6,6,6,3,3,1,2,1,1,Giino
583,1094,7,5,7,7,7,4,5,4,7,3,3,5,7,7,7,2,3,1,2,3,1,Giino
584,1095,6,5,2,6,2,4,5,4,6,2,3,2,5,6,5,2,2,0,1,3,1,Giino
585,1096,7,5,5,7,6,4,7,4,6,5,3,3,5,4,4,3,3,0,2,5,0,Giino
586,1097,6,6,6,6,6,4,3,4,6,5,3,3,6,6,6,3,3,1,2,1,1,Giino
587,1098,4,5,3,5,3,4,3,4,5,3,3,3,6,5,5,2,3,1,3,4,1,Giino
588,1099,7,5,2,6,2,4,3,4,7,4,3,2,6,7,7,3,3,0,2,3,1,Giino
589,1100,7,4,5,7,7,4,3,4,7,4,2,4,7,7,7,3,3,1,2,2,1,Giino
590,1101,6,6,6,6,6,4,4,4,6,5,3,2,6,6,6,3,3,1,2,1,1,Giino
591,1102,7,5,7,7,7,4,5,4,7,3,3,5,7,7,7,2,3,1,2,3,1,Giino
592,1103,6,5,2,6,2,4,5,4,6,2,3,2,5,6,5,2,2,0,1,3,1,Giino
593,1104,7,5,5,7,6,4,7,4,6,5,3,3,5,4,4,3,3,0,2,5,0,Giino
594,1105,6,6,6,6,6,4,3,4,6,5,3,3,6,6,6,3,3,1,2,1,1,Giino
595,1106,4,5,3,5,3,4,3,4,5,3,3,3,6,5,5,2,3,1,3,4,1,Giino
596,1107,7,5,2,6,2,4,3,4,7,4,3,2,6,7,7,3,3,0,2,3,1,Giino
597,1108,7,4,5,7,7,4,3,4,7,4,2,4,7,7,7,3,3,1,2,2,1,Giino
598,1109,6,6,6,6,6,4,4,4,6,5,3,2,6,6,6,3,3,1,2,1,1,Giino
599,1110,7,5,7,7,7,4,5,4,7,3,3,5,7,7,7,2,3,1,2,3,1,Giino
600,1111,6,5,2,6,2,4,5,4,6,2,3,2,5,6,5,2,2,0,1,3,1,Giino
601,1112,7,5,5,7,6,4,7,4,6,5,3,3,5,4,4,3,3,0,2,5,0,Giino
602,1113,6,6,6,6,6,4,3,4,6,5,3,3,6,6,6,3,3,1,2,1,1,Giino
603,1114,4,5,3,5,3,4,3,4,5,3,3,3,6,5,5,2,3,1,3,4,1,Giino
604,1115,7,5,2,6,2,4,3,4,7,4,3,2,6,7,7,3,3,0,2,3,1,Giino
605,1116,7,4,5,7,7,4,3,4,7,4,2,4,7,7,7,3,3,1,2,2,1,Giino
606,1117,6,6,6,6,6,4,4,4,6,5,3,2,6,6,6,3,3,1,2,1,1,Giino
607,1118,7,5,7,7,7,4,5,4,7,3,3,5,7,7,7,2,3,1,2,3,1,Giino
608,1119,6,5,2,6,2,4,5,4,6,2,3,2,5,6,5,2,2,0,1,3,1,Giino
609,1120,7,5,5,7,6,4,7,4,6,5,3,3,5,4,4,3,3,0,2,5,0,Giino
610,1170,6,4,2,7,3,5,4,4,6,4,5,3,7,6,5,3,3,1,2,3,1,Giino
611,1171,3,6,5,5,5,5,4,4,3,5,3,3,6,5,6,3,3,1,3,4,1,Giino
612,1172,6,6,6,3,6,5,5,4,3,5,3,3,6,6,6,3,3,1,3,3,1,Giino
613,1173,6,3,2,5,2,5,4,4,6,2,3,3,6,5,5,3,3,0,3,4,1,Giino
614,1174,6,4,6,4,6,5,4,4,4,3,3,4,6,6,6,2,3,1,2,3,1,Giino
615,1175,6,4,2,7,3,5,4,4,6,4,5,3,7,6,5,3,3,1,2,3,1,Giino
616,1176,3,6,5,5,5,5,4,4,3,5,3,3,6,5,6,3,3,1,3,4,1,Giino
617,1177,6,6,6,3,6,5,5,4,3,5,3,3,6,6,6,3,3,1,3,3,1,Giino
618,1178,6,3,2,5,2,5,4,4,6,2,3,3,6,5,5,3,3,0,3,4,1,Giino
619,1179,6,4,6,4,6,5,4,4,4,3,3,4,6,6,6,2,3,1,2,3,1,Giino
620,1180,6,4,2,7,3,5,4,4,6,4,5,3,7,6,5,3,3,1,2,3,1,Giino
621,1181,3,6,5,5,5,5,4,4,3,5,3,3,6,5,6,3,3,1,3,4,1,Giino
622,1182,6,6,6,3,6,5,5,4,3,5,3,3,6,6,6,3,3,1,3,3,1,Giino
623,1183,6,3,2,5,2,5,4,4,6,2,3,3,6,5,5,3,3,0,3,4,1,Giino
624,1184,6,4,6,4,6,5,4,4,4,3,3,4,6,6,6,2,3,1,2,3,1,Giino
625,1185,6,4,2,7,3,5,4,4,6,4,5,3,7,6,5,3,3,1,2,3,1,Giino
626,1186,3,6,5,5,5,5,4,4,3,5,3,3,6,5,6,3,3,1,3,4,1,Giino
627,1187,6,6,6,3,6,5,5,4,3,5,3,3,6,6,6,3,3,1,3,3,1,Giino
628,1188,6,3,2,5,2,5,4,4,6,2,3,3,6,5,5,3,3,0,3,4,1,Giino
629,1189,6,4,6,4,6,5,4,4,4,3,3,4,6,6,6,2,3,1,2,3,1,Giino
630,1190,6,4,2,7,3,5,4,4,6,4,5,3,7,6,5,3,3,1,2,3,1,Giino
631,1191,3,6,5,5,5,5,4,4,3,5,3,3,6,5,6,3,3,1,3,4,1,Giino
632,1192,6,6,6,3,6,5,5,4,3,5,3,3,6,6,6,3,3,1,3,3,1,Giino
633,1193,6,3,2,5,2,5,4,4,6,2,3,3,6,5,5,3,3,0,3,4,1,Giino
634,1194,6,4,6,4,6,5,4,4,4,3,3,4,6,6,6,2,3,1,2,3,1,Giino
635,1195,6,4,2,7,3,5,4,4,6,4,5,3,7,6,5,3,3,1,2,3,1,Giino
636,1196,3,6,5,5,5,5,4,4,3,5,3,3,6,5,6,3,3,1,3,4,1,Giino
637,1197,6,6,6,3,6,5,5,4,3,5,3,3,6,6,6,3,3,1,3,3,1,Giino
638,1198,6,3,2,5,2,5,4,4,6,2,3,3,6,5,5,3,3,0,3,4,1,Giino
639,1199,6,4,6,4,6,5,4,4,4,3,3,4,6,6,6,2,3,1,2,3,1,Giino
640,1200,6,4,2,7,3,5,4,4,6,4,5,3,7,6,5,3,3,1,2,3,1,Giino
641,1201,3,6,5,5,5,5,4,4,3,5,3,3,6,5,6,3,3,1,3,4,1,Giino
642,1202,6,6,6,3,6,5,5,4,3,5,3,3,6,6,6,3,3,1,3,3,1,Giino
643,1203,6,3,2,5,2,5,4,4,6,2,3,3,6,5,5,3,3,0,3,4,1,Giino
644,1204,6,4,6,4,6,5,4,4,4,3,3,4,6,6,6,2,3,1,2,3,1,Giino
645,1254,6,4,6,6,6,6,4,4,3,3,3,3,6,6,6,3,2,1,1,4,1,Giino
646,1255,5,5,3,5,3,6,4,4,5,3,4,4,7,5,7,3,3,1,2,3,1,Giino
647,1256,6,4,6,6,6,6,4,4,3,3,3,3,6,6,6,3,2,1,1,4,1,Giino
648,1257,5,5,3,5,3,6,4,4,5,3,4,4,7,5,7,3,3,1,2,3,1,Giino
649,1258,6,4,6,6,6,6,4,4,3,3,3,3,6,6,6,3,2,1,1,4,1,Giino
650,1259,5,5,3,5,3,6,4,4,5,3,4,4,7,5,7,3,3,1,2,3,1,Giino
651,1260,6,4,6,6,6,6,4,4,3,3,3,3,6,6,6,3,2,1,1,4,1,Giino
652,1261,5,5,3,5,3,6,4,4,5,3,4,4,7,5,7,3,3,1,2,3,1,Giino
653,1262,6,4,6,6,6,6,4,4,3,3,3,3,6,6,6,3,2,1,1,4,1,Giino
654,1263,5,5,3,5,3,6,4,4,5,3,4,4,7,5,7,3,3,1,2,3,1,Giino
655,1264,6,4,6,6,6,6,4,4,3,3,3,3,6,6,6,3,2,1,1,4,1,Giino
656,1265,5,5,3,5,3,6,4,4,5,3,4,4,7,5,7,3,3,1,2,3,1,Giino
657,1266,6,4,6,6,6,6,4,4,3,3,3,3,6,6,6,3,2,1,1,4,1,Giino
658,1267,5,5,3,5,3,6,4,4,5,3,4,4,7,5,7,3,3,1,2,3,1,Giino
659,1310,6,6,6,7,6,3,5,5,6,3,2,4,6,6,6,2,3,0,1,1,1,Giino
660,1311,6,6,6,7,6,3,5,5,6,3,2,4,6,6,6,2,3,0,1,1,1,Giino
661,1312,6,6,6,7,6,3,5,5,6,3,2,4,6,6,6,2,3,0,1,1,1,Giino
662,1313,6,6,6,7,6,3,5,5,6,3,2,4,6,6,6,2,3,0,1,1,1,Giino
663,1314,6,6,6,7,6,3,5,5,6,3,2,4,6,6,6,2,3,0,1,1,1,Giino
664,1315,6,6,6,7,6,3,5,5,6,3,2,4,6,6,6,2,3,0,1,1,1,Giino
665,1316,6,6,6,7,6,3,5,5,6,3,2,4,6,6,6,2,3,0,1,1,1,Giino
666,1331,6,6,3,6,3,4,4,5,5,5,3,2,7,6,5,2,1,1,1,2,1,Giino
667,1332,6,6,6,6,6,4,4,5,6,3,2,3,6,6,6,2,3,1,1,1,1,Giino
668,1333,6,5,1,6,1,4,4,5,4,2,3,2,5,4,4,2,3,0,1,5,0,Giino
669,1334,6,6,3,6,3,4,6,5,5,5,3,2,5,4,4,1,1,0,1,5,0,Giino
670,1335,6,6,3,6,3,4,4,5,5,5,3,2,7,6,5,2,1,1,1,2,1,Giino
671,1336,6,6,6,6,6,4,4,5,6,3,2,3,6,6,6,2,3,1,1,1,1,Giino
672,1337,6,5,1,6,1,4,4,5,4,2,3,2,5,4,4,2,3,0,1,5,0,Giino
673,1338,6,6,3,6,3,4,6,5,5,5,3,2,5,4,4,1,1,0,1,5,0,Giino
674,1339,6,6,3,6,3,4,4,5,5,5,3,2,7,6,5,2,1,1,1,2,1,Giino
675,1340,6,6,6,6,6,4,4,5,6,3,2,3,6,6,6,2,3,1,1,1,1,Giino
676,1341,6,5,1,6,1,4,4,5,4,2,3,2,5,4,4,2,3,0,1,5,0,Giino
677,1342,6,6,3,6,3,4,6,5,5,5,3,2,5,4,4,1,1,0,1,5,0,Giino
678,1343,6,6,3,6,3,4,4,5,5,5,3,2,7,6,5,2,1,1,1,2,1,Giino
679,1344,6,6,6,6,6,4,4,5,6,3,2,3,6,6,6,2,3,1,1,1,1,Giino
680,1345,6,5,1,6,1,4,4,5,4,2,3,2,5,4,4,2,3,0,1,5,0,Giino
681,1346,6,6,3,6,3,4,6,5,5,5,3,2,5,4,4,1,1,0,1,5,0,Giino
682,1347,6,6,3,6,3,4,4,5,5,5,3,2,7,6,5,2,1,1,1,2,1,Giino
683,1348,6,6,6,6,6,4,4,5,6,3,2,3,6,6,6,2,3,1,1,1,1,Giino
684,1349,6,5,1,6,1,4,4,5,4,2,3,2,5,4,4,2,3,0,1,5,0,Giino
685,1350,6,6,3,6,3,4,6,5,5,5,3,2,5,4,4,1,1,0,1,5,0,Giino
686,1351,6,6,3,6,3,4,4,5,5,5,3,2,7,6,5,2,1,1,1,2,1,Giino
687,1352,6,6,6,6,6,4,4,5,6,3,2,3,6,6,6,2,3,1,1,1,1,Giino
688,1353,6,5,1,6,1,4,4,5,4,2,3,2,5,4,4,2,3,0,1,5,0,Giino
689,1354,6,6,3,6,3,4,6,5,5,5,3,2,5,4,4,1,1,0,1,5,0,Giino
690,1355,6,6,3,6,3,4,4,5,5,5,3,2,7,6,5,2,1,1,1,2,1,Giino
691,1356,6,6,6,6,6,4,4,5,6,3,2,3,6,6,6,2,3,1,1,1,1,Giino
692,1357,6,5,1,6,1,4,4,5,4,2,3,2,5,4,4,2,3,0,1,5,0,Giino
693,1358,6,6,3,6,3,4,6,5,5,5,3,2,5,4,4,1,1,0,1,5,0,Giino
694,1380,5,5,5,5,1,5,4,5,5,2,3,2,5,5,5,2,3,0,4,4,1,Giino
695,1381,5,5,5,5,1,5,4,5,5,2,3,2,5,5,5,2,3,0,4,4,1,Giino
696,1382,5,5,5,5,1,5,4,5,5,2,3,2,5,5,5,2,3,0,4,4,1,Giino
697,1383,5,5,5,5,1,5,4,5,5,2,3,2,5,5,5,2,3,0,4,4,1,Giino
698,1384,5,5,5,5,1,5,4,5,5,2,3,2,5,5,5,2,3,0,4,4,1,Giino
699,1385,5,5,5,5,1,5,4,5,5,2,3,2,5,5,5,2,3,0,4,4,1,Giino
700,1386,5,5,5,5,1,5,4,5,5,2,3,2,5,5,5,2,3,0,4,4,1,Giino
701,8,6,4,4,6,4,3,3,1,6,4,1,1,5,4,3,1,1,0,4,4,0,Samouel
702,9,6,4,4,6,4,3,3,1,6,4,1,1,5,4,3,1,1,0,4,4,0,Samouel
703,10,6,4,4,6,4,3,3,1,6,4,1,1,5,4,3,1,1,0,4,4,0,Samouel
704,11,6,4,4,6,4,3,3,1,6,4,1,1,5,4,3,1,1,0,4,4,0,Samouel
705,12,6,4,4,6,4,3,3,1,6,4,1,1,5,4,3,1,1,0,4,4,0,Samouel
706,13,6,4,4,6,4,3,3,1,6,4,1,1,5,4,3,1,1,0,4,4,0,Samouel
707,14,6,4,4,6,4,3,3,1,6,4,1,1,5,4,3,1,1,0,4,4,0,Samouel
708,22,6,4,4,6,4,4,4,1,7,4,1,1,4,4,3,2,1,0,4,5,0,Samouel
709,23,6,4,4,6,4,4,4,1,7,4,1,1,4,4,3,2,1,0,4,5,0,Samouel
710,24,6,4,4,6,4,4,4,1,7,4,1,1,4,4,3,2,1,0,4,5,0,Samouel
711,25,6,4,4,6,4,4,4,1,7,4,1,1,4,4,3,2,1,0,4,5,0,Samouel
712,26,6,4,4,6,4,4,4,1,7,4,1,1,4,4,3,2,1,0,4,5,0,Samouel
713,27,6,4,4,6,4,4,4,1,7,4,1,1,4,4,3,2,1,0,4,5,0,Samouel
714,28,6,4,4,6,4,4,4,1,7,4,1,1,4,4,3,2,1,0,4,5,0,Samouel
715,50,3,4,3,5,3,1,2,2,5,4,1,1,3,3,3,1,1,1,4,2,0,Samouel
716,51,3,4,3,5,3,1,2,2,5,4,1,1,3,3,3,1,1,1,4,2,0,Samouel
717,52,3,4,3,5,3,1,2,2,5,4,1,1,3,3,3,1,1,1,4,2,0,Samouel
718,53,3,4,3,5,3,1,2,2,5,4,1,1,3,3,3,1,1,1,4,2,0,Samouel
719,54,3,4,3,5,3,1,2,2,5,4,1,1,3,3,3,1,1,1,4,2,0,Samouel
720,55,3,4,3,5,3,1,2,2,5,4,1,1,3,3,3,1,1,1,4,2,0,Samouel
721,56,3,4,3,5,3,1,2,2,5,4,1,1,3,3,3,1,1,1,4,2,0,Samouel
722,57,4,4,1,4,4,2,3,2,4,4,1,1,4,4,4,1,1,1,4,2,0,Samouel
723,58,6,4,1,6,1,2,2,2,6,3,3,2,4,3,3,1,1,1,4,4,0,Samouel
724,59,5,4,1,5,3,2,3,2,5,3,1,1,4,3,3,1,1,1,4,5,0,Samouel
725,60,4,4,1,4,4,2,3,2,4,4,1,1,4,4,4,1,1,1,4,2,0,Samouel
726,61,6,4,1,6,1,2,2,2,6,3,3,2,4,3,3,1,1,1,4,4,0,Samouel
727,62,5,4,1,5,3,2,3,2,5,3,1,1,4,3,3,1,1,1,4,5,0,Samouel
728,63,4,4,1,4,4,2,3,2,4,4,1,1,4,4,4,1,1,1,4,2,0,Samouel
729,64,6,4,1,6,1,2,2,2,6,3,3,2,4,3,3,1,1,1,4,4,0,Samouel
730,65,5,4,1,5,3,2,3,2,5,3,1,1,4,3,3,1,1,1,4,5,0,Samouel
731,66,4,4,1,4,4,2,3,2,4,4,1,1,4,4,4,1,1,1,4,2,0,Samouel
732,67,6,4,1,6,1,2,2,2,6,3,3,2,4,3,3,1,1,1,4,4,0,Samouel
733,68,5,4,1,5,3,2,3,2,5,3,1,1,4,3,3,1,1,1,4,5,0,Samouel
734,69,4,4,1,4,4,2,3,2,4,4,1,1,4,4,4,1,1,1,4,2,0,Samouel
735,70,6,4,1,6,1,2,2,2,6,3,3,2,4,3,3,1,1,1,4,4,0,Samouel
736,71,5,4,1,5,3,2,3,2,5,3,1,1,4,3,3,1,1,1,4,5,0,Samouel
737,72,4,4,1,4,4,2,3,2,4,4,1,1,4,4,4,1,1,1,4,2,0,Samouel
738,73,6,4,1,6,1,2,2,2,6,3,3,2,4,3,3,1,1,1,4,4,0,Samouel
739,74,5,4,1,5,3,2,3,2,5,3,1,1,4,3,3,1,1,1,4,5,0,Samouel
740,75,4,4,1,4,4,2,3,2,4,4,1,1,4,4,4,1,1,1,4,2,0,Samouel
741,76,6,4,1,6,1,2,2,2,6,3,3,2,4,3,3,1,1,1,4,4,0,Samouel
742,77,5,4,1,5,3,2,3,2,5,3,1,1,4,3,3,1,1,1,4,5,0,Samouel
743,106,5,4,1,5,1,5,3,2,6,3,3,3,7,6,5,3,2,0,2,3,1,Samouel
744,107,5,4,1,5,2,5,3,2,6,3,3,3,7,6,6,3,2,0,3,3,1,Samouel
745,108,5,4,1,5,1,5,3,2,6,3,3,3,7,6,5,3,2,0,2,3,1,Samouel
746,109,5,4,1,5,2,5,3,2,6,3,3,3,7,6,6,3,2,0,3,3,1,Samouel
747,110,5,4,1,5,1,5,3,2,6,3,3,3,7,6,5,3,2,0,2,3,1,Samouel
748,111,5,4,1,5,2,5,3,2,6,3,3,3,7,6,6,3,2,0,3,3,1,Samouel
749,112,5,4,1,5,1,5,3,2,6,3,3,3,7,6,5,3,2,0,2,3,1,Samouel
750,113,5,4,1,5,2,5,3,2,6,3,3,3,7,6,6,3,2,0,3,3,1,Samouel
751,114,5,4,1,5,1,5,3,2,6,3,3,3,7,6,5,3,2,0,2,3,1,Samouel
752,115,5,4,1,5,2,5,3,2,6,3,3,3,7,6,6,3,2,0,3,3,1,Samouel
753,116,5,4,1,5,1,5,3,2,6,3,3,3,7,6,5,3,2,0,2,3,1,Samouel
754,117,5,4,1,5,2,5,3,2,6,3,3,3,7,6,6,3,2,0,3,3,1,Samouel
755,118,5,4,1,5,1,5,3,2,6,3,3,3,7,6,5,3,2,0,2,3,1,Samouel
756,119,5,4,1,5,2,5,3,2,6,3,3,3,7,6,6,3,2,0,3,3,1,Samouel
757,134,3,5,1,3,5,1,5,3,5,2,1,1,6,5,5,1,1,0,2,3,1,Samouel
758,135,3,5,1,3,3,1,5,3,3,2,1,1,4,3,3,1,1,0,4,4,0,Samouel
759,136,3,5,1,3,5,1,5,3,5,2,1,1,6,5,5,1,1,0,2,3,1,Samouel
760,137,3,5,1,3,3,1,5,3,3,2,1,1,4,3,3,1,1,0,4,4,0,Samouel
761,138,3,5,1,3,5,1,5,3,5,2,1,1,6,5,5,1,1,0,2,3,1,Samouel
762,139,3,5,1,3,3,1,5,3,3,2,1,1,4,3,3,1,1,0,4,4,0,Samouel
763,140,3,5,1,3,5,1,5,3,5,2,1,1,6,5,5,1,1,0,2,3,1,Samouel
764,141,3,5,1,3,3,1,5,3,3,2,1,1,4,3,3,1,1,0,4,4,0,Samouel
765,142,3,5,1,3,5,1,5,3,5,2,1,1,6,5,5,1,1,0,2,3,1,Samouel
766,143,3,5,1,3,3,1,5,3,3,2,1,1,4,3,3,1,1,0,4,4,0,Samouel
767,144,3,5,1,3,5,1,5,3,5,2,1,1,6,5,5,1,1,0,2,3,1,Samouel
768,145,3,5,1,3,3,1,5,3,3,2,1,1,4,3,3,1,1,0,4,4,0,Samouel
769,146,3,5,1,3,5,1,5,3,5,2,1,1,6,5,5,1,1,0,2,3,1,Samouel
770,147,3,5,1,3,3,1,5,3,3,2,1,1,4,3,3,1,1,0,4,4,0,Samouel
771,162,5,4,3,3,3,2,3,3,6,3,2,1,3,3,3,1,1,1,5,5,0,Samouel
772,163,5,5,5,5,5,2,4,3,5,5,1,1,5,5,5,2,1,0,4,4,1,Samouel
773,164,4,4,7,4,5,2,6,3,6,6,2,1,4,4,3,1,1,1,4,2,0,Samouel
774,165,4,4,4,4,4,2,4,3,4,4,1,2,4,4,4,1,1,0,4,4,0,Samouel
775,166,4,5,4,6,4,2,4,3,7,5,1,1,4,4,4,1,1,0,4,5,0,Samouel
776,167,5,5,4,5,4,2,3,3,5,4,2,1,6,5,4,3,3,0,3,3,1,Samouel
777,168,4,4,4,4,4,2,4,3,6,5,2,1,4,4,4,2,1,0,5,5,0,Samouel
778,169,5,4,1,5,3,2,2,3,5,3,2,1,3,3,3,1,1,1,5,5,0,Samouel
779,170,4,5,4,4,4,2,2,3,4,4,1,1,5,4,4,1,1,0,4,3,0,Samouel
780,171,5,4,7,4,4,2,6,3,4,6,2,1,4,4,4,1,1,1,4,5,0,Samouel
781,172,5,4,3,5,5,2,3,3,5,4,1,2,6,5,5,3,2,0,3,4,1,Samouel
782,173,7,5,6,6,6,2,4,3,6,4,1,1,6,6,6,3,2,0,2,4,1,Samouel
783,174,5,5,4,4,4,2,3,3,6,4,2,1,4,4,4,1,1,0,4,5,0,Samouel
784,175,5,4,5,5,5,2,3,3,5,5,2,1,6,5,5,1,1,0,3,2,1,Samouel
785,176,5,4,3,3,3,2,3,3,6,3,2,1,3,3,3,1,1,1,5,5,0,Samouel
786,177,5,5,5,5,5,2,4,3,5,5,1,1,5,5,5,2,1,0,4,4,1,Samouel
787,178,4,4,7,4,5,2,6,3,6,6,2,1,4,4,3,1,1,1,4,2,0,Samouel
788,179,4,4,4,4,4,2,4,3,4,4,1,2,4,4,4,1,1,0,4,4,0,Samouel
789,180,4,5,4,6,4,2,4,3,7,5,1,1,4,4,4,1,1,0,4,5,0,Samouel
790,181,5,5,4,5,4,2,3,3,5,4,2,1,6,5,4,3,3,0,3,3,1,Samouel
791,182,4,4,4,4,4,2,4,3,6,5,2,1,4,4,4,2,1,0,5,5,0,Samouel
792,183,5,4,1,5,3,2,2,3,5,3,2,1,3,3,3,1,1,1,5,5,0,Samouel
793,184,4,5,4,4,4,2,2,3,4,4,1,1,5,4,4,1,1,0,4,3,0,Samouel
794,185,5,4,7,4,4,2,6,3,4,6,2,1,4,4,4,1,1,1,4,5,0,Samouel
795,186,5,4,3,5,5,2,3,3,5,4,1,2,6,5,5,3,2,0,3,4,1,Samouel
796,187,7,5,6,6,6,2,4,3,6,4,1,1,6,6,6,3,2,0,2,4,1,Samouel
797,188,5,5,4,4,4,2,3,3,6,4,2,1,4,4,4,1,1,0,4,5,0,Samouel
798,189,5,4,5,5,5,2,3,3,5,5,2,1,6,5,5,1,1,0,3,2,1,Samouel
799,190,5,4,3,3,3,2,3,3,6,3,2,1,3,3,3,1,1,1,5,5,0,Samouel
800,191,5,5,5,5,5,2,4,3,5,5,1,1,5,5,5,2,1,0,4,4,1,Samouel
801,192,4,4,7,4,5,2,6,3,6,6,2,1,4,4,3,1,1,1,4,2,0,Samouel
802,193,4,4,4,4,4,2,4,3,4,4,1,2,4,4,4,1,1,0,4,4,0,Samouel
803,194,4,5,4,6,4,2,4,3,7,5,1,1,4,4,4,1,1,0,4,5,0,Samouel
804,195,5,5,4,5,4,2,3,3,5,4,2,1,6,5,4,3,3,0,3,3,1,Samouel
805,196,4,4,4,4,4,2,4,3,6,5,2,1,4,4,4,2,1,0,5,5,0,Samouel
806,197,5,4,1,5,3,2,2,3,5,3,2,1,3,3,3,1,1,1,5,5,0,Samouel
807,198,4,5,4,4,4,2,2,3,4,4,1,1,5,4,4,1,1,0,4,3,0,Samouel
808,199,5,4,7,4,4,2,6,3,4,6,2,1,4,4,4,1,1,1,4,5,0,Samouel
809,200,5,4,3,5,5,2,3,3,5,4,1,2,6,5,5,3,2,0,3,4,1,Samouel
810,201,7,5,6,6,6,2,4,3,6,4,1,1,6,6,6,3,2,0,2,4,1,Samouel
811,202,5,5,4,4,4,2,3,3,6,4,2,1,4,4,4,1,1,0,4,5,0,Samouel
812,203,5,4,5,5,5,2,3,3,5,5,2,1,6,5,5,1,1,0,3,2,1,Samouel
813,204,5,4,3,3,3,2,3,3,6,3,2,1,3,3,3,1,1,1,5,5,0,Samouel
814,205,5,5,5,5,5,2,4,3,5,5,1,1,5,5,5,2,1,0,4,4,1,Samouel
815,206,4,4,7,4,5,2,6,3,6,6,2,1,4,4,3,1,1,1,4,2,0,Samouel
816,207,4,4,4,4,4,2,4,3,4,4,1,2,4,4,4,1,1,0,4,4,0,Samouel
817,208,4,5,4,6,4,2,4,3,7,5,1,1,4,4,4,1,1,0,4,5,0,Samouel
818,209,5,5,4,5,4,2,3,3,5,4,2,1,6,5,4,3,3,0,3,3,1,Samouel
819,210,4,4,4,4,4,2,4,3,6,5,2,1,4,4,4,2,1,0,5,5,0,Samouel
820,211,5,4,1,5,3,2,2,3,5,3,2,1,3,3,3,1,1,1,5,5,0,Samouel
821,212,4,5,4,4,4,2,2,3,4,4,1,1,5,4,4,1,1,0,4,3,0,Samouel
822,213,5,4,7,4,4,2,6,3,4,6,2,1,4,4,4,1,1,1,4,5,0,Samouel
823,214,5,4,3,5,5,2,3,3,5,4,1,2,6,5,5,3,2,0,3,4,1,Samouel
824,215,7,5,6,6,6,2,4,3,6,4,1,1,6,6,6,3,2,0,2,4,1,Samouel
825,216,5,5,4,4,4,2,3,3,6,4,2,1,4,4,4,1,1,0,4,5,0,Samouel
826,217,5,4,5,5,5,2,3,3,5,5,2,1,6,5,5,1,1,0,3,2,1,Samouel
827,218,5,4,3,3,3,2,3,3,6,3,2,1,3,3,3,1,1,1,5,5,0,Samouel
828,219,5,5,5,5,5,2,4,3,5,5,1,1,5,5,5,2,1,0,4,4,1,Samouel
829,220,4,4,7,4,5,2,6,3,6,6,2,1,4,4,3,1,1,1,4,2,0,Samouel
830,221,4,4,4,4,4,2,4,3,4,4,1,2,4,4,4,1,1,0,4,4,0,Samouel
831,222,4,5,4,6,4,2,4,3,7,5,1,1,4,4,4,1,1,0,4,5,0,Samouel
832,223,5,5,4,5,4,2,3,3,5,4,2,1,6,5,4,3,3,0,3,3,1,Samouel
833,224,4,4,4,4,4,2,4,3,6,5,2,1,4,4,4,2,1,0,5,5,0,Samouel
834,225,5,4,1,5,3,2,2,3,5,3,2,1,3,3,3,1,1,1,5,5,0,Samouel
835,226,4,5,4,4,4,2,2,3,4,4,1,1,5,4,4,1,1,0,4,3,0,Samouel
836,227,5,4,7,4,4,2,6,3,4,6,2,1,4,4,4,1,1,1,4,5,0,Samouel
837,228,5,4,3,5,5,2,3,3,5,4,1,2,6,5,5,3,2,0,3,4,1,Samouel
838,229,7,5,6,6,6,2,4,3,6,4,1,1,6,6,6,3,2,0,2,4,1,Samouel
839,230,5,5,4,4,4,2,3,3,6,4,2,1,4,4,4,1,1,0,4,5,0,Samouel
840,231,5,4,5,5,5,2,3,3,5,5,2,1,6,5,5,1,1,0,3,2,1,Samouel
841,232,5,4,3,3,3,2,3,3,6,3,2,1,3,3,3,1,1,1,5,5,0,Samouel
842,233,5,5,5,5,5,2,4,3,5,5,1,1,5,5,5,2,1,0,4,4,1,Samouel
843,234,4,4,7,4,5,2,6,3,6,6,2,1,4,4,3,1,1,1,4,2,0,Samouel
844,235,4,4,4,4,4,2,4,3,4,4,1,2,4,4,4,1,1,0,4,4,0,Samouel
845,236,4,5,4,6,4,2,4,3,7,5,1,1,4,4,4,1,1,0,4,5,0,Samouel
846,237,5,5,4,5,4,2,3,3,5,4,2,1,6,5,4,3,3,0,3,3,1,Samouel
847,238,4,4,4,4,4,2,4,3,6,5,2,1,4,4,4,2,1,0,5,5,0,Samouel
848,239,5,4,1,5,3,2,2,3,5,3,2,1,3,3,3,1,1,1,5,5,0,Samouel
849,240,4,5,4,4,4,2,2,3,4,4,1,1,5,4,4,1,1,0,4,3,0,Samouel
850,241,5,4,7,4,4,2,6,3,4,6,2,1,4,4,4,1,1,1,4,5,0,Samouel
851,242,5,4,3,5,5,2,3,3,5,4,1,2,6,5,5,3,2,0,3,4,1,Samouel
852,243,7,5,6,6,6,2,4,3,6,4,1,1,6,6,6,3,2,0,2,4,1,Samouel
853,244,5,5,4,4,4,2,3,3,6,4,2,1,4,4,4,1,1,0,4,5,0,Samouel
854,245,5,4,5,5,5,2,3,3,5,5,2,1,6,5,5,1,1,0,3,2,1,Samouel
855,246,5,4,3,3,3,2,3,3,6,3,2,1,3,3,3,1,1,1,5,5,0,Samouel
856,247,5,5,5,5,5,2,4,3,5,5,1,1,5,5,5,2,1,0,4,4,1,Samouel
857,248,4,4,7,4,5,2,6,3,6,6,2,1,4,4,3,1,1,1,4,2,0,Samouel
858,249,4,4,4,4,4,2,4,3,4,4,1,2,4,4,4,1,1,0,4,4,0,Samouel
859,250,4,5,4,6,4,2,4,3,7,5,1,1,4,4,4,1,1,0,4,5,0,Samouel
860,251,5,5,4,5,4,2,3,3,5,4,2,1,6,5,4,3,3,0,3,3,1,Samouel
861,252,4,4,4,4,4,2,4,3,6,5,2,1,4,4,4,2,1,0,5,5,0,Samouel
862,253,5,4,1,5,3,2,2,3,5,3,2,1,3,3,3,1,1,1,5,5,0,Samouel
863,254,4,5,4,4,4,2,2,3,4,4,1,1,5,4,4,1,1,0,4,3,0,Samouel
864,255,5,4,7,4,4,2,6,3,4,6,2,1,4,4,4,1,1,1,4,5,0,Samouel
865,256,5,4,3,5,5,2,3,3,5,4,1,2,6,5,5,3,2,0,3,4,1,Samouel
866,257,7,5,6,6,6,2,4,3,6,4,1,1,6,6,6,3,2,0,2,4,1,Samouel
867,258,5,5,4,4,4,2,3,3,6,4,2,1,4,4,4,1,1,0,4,5,0,Samouel
868,259,5,4,5,5,5,2,3,3,5,5,2,1,6,5,5,1,1,0,3,2,1,Samouel
869,295,4,4,4,6,4,3,5,3,6,3,1,1,4,4,4,1,1,1,4,4,0,Samouel
870,296,7,4,4,7,4,3,2,3,7,5,3,2,5,5,4,2,2,1,2,4,1,Samouel
871,297,4,5,1,5,4,3,4,3,4,3,2,2,4,4,4,1,1,0,4,5,0,Samouel
872,298,3,5,5,3,5,3,3,3,3,5,1,1,5,5,5,1,1,0,3,3,1,Samouel
873,299,5,5,4,4,4,3,6,3,4,4,2,1,4,4,4,1,1,1,4,3,0,Samouel
874,300,7,5,6,6,6,3,4,3,6,4,1,2,6,6,6,2,3,0,3,3,1,Samouel
875,301,6,4,4,6,4,3,5,3,6,3,1,1,4,4,4,1,1,1,4,4,0,Samouel
876,302,7,4,4,7,4,3,2,3,7,5,3,2,5,4,4,2,2,1,2,4,0,Samouel
877,303,4,4,4,6,4,3,5,3,6,3,1,1,4,4,4,1,1,1,4,4,0,Samouel
878,304,7,4,4,7,4,3,2,3,7,5,3,2,5,5,4,2,2,1,2,4,1,Samouel
879,305,4,5,1,5,4,3,4,3,4,3,2,2,4,4,4,1,1,0,4,5,0,Samouel
880,306,3,5,5,3,5,3,3,3,3,5,1,1,5,5,5,1,1,0,3,3,1,Samouel
881,307,5,5,4,4,4,3,6,3,4,4,2,1,4,4,4,1,1,1,4,3,0,Samouel
882,308,7,5,6,6,6,3,4,3,6,4,1,2,6,6,6,2,3,0,3,3,1,Samouel
883,309,6,4,4,6,4,3,5,3,6,3,1,1,4,4,4,1,1,1,4,4,0,Samouel
884,310,7,4,4,7,4,3,2,3,7,5,3,2,5,4,4,2,2,1,2,4,0,Samouel
885,311,4,4,4,6,4,3,5,3,6,3,1,1,4,4,4,1,1,1,4,4,0,Samouel
886,312,7,4,4,7,4,3,2,3,7,5,3,2,5,5,4,2,2,1,2,4,1,Samouel
887,313,4,5,1,5,4,3,4,3,4,3,2,2,4,4,4,1,1,0,4,5,0,Samouel
888,314,3,5,5,3,5,3,3,3,3,5,1,1,5,5,5,1,1,0,3,3,1,Samouel
889,315,5,5,4,4,4,3,6,3,4,4,2,1,4,4,4,1,1,1,4,3,0,Samouel
890,316,7,5,6,6,6,3,4,3,6,4,1,2,6,6,6,2,3,0,3,3,1,Samouel
891,317,6,4,4,6,4,3,5,3,6,3,1,1,4,4,4,1,1,1,4,4,0,Samouel
892,318,7,4,4,7,4,3,2,3,7,5,3,2,5,4,4,2,2,1,2,4,0,Samouel
893,319,4,4,4,6,4,3,5,3,6,3,1,1,4,4,4,1,1,1,4,4,0,Samouel
894,320,7,4,4,7,4,3,2,3,7,5,3,2,5,5,4,2,2,1,2,4,1,Samouel
895,321,4,5,1,5,4,3,4,3,4,3,2,2,4,4,4,1,1,0,4,5,0,Samouel
896,322,3,5,5,3,5,3,3,3,3,5,1,1,5,5,5,1,1,0,3,3,1,Samouel
897,323,5,5,4,4,4,3,6,3,4,4,2,1,4,4,4,1,1,1,4,3,0,Samouel
898,324,7,5,6,6,6,3,4,3,6,4,1,2,6,6,6,2,3,0,3,3,1,Samouel
899,325,6,4,4,6,4,3,5,3,6,3,1,1,4,4,4,1,1,1,4,4,0,Samouel
900,326,7,4,4,7,4,3,2,3,7,5,3,2,5,4,4,2,2,1,2,4,0,Samouel
901,327,4,4,4,6,4,3,5,3,6,3,1,1,4,4,4,1,1,1,4,4,0,Samouel
902,328,7,4,4,7,4,3,2,3,7,5,3,2,5,5,4,2,2,1,2,4,1,Samouel
903,329,4,5,1,5,4,3,4,3,4,3,2,2,4,4,4,1,1,0,4,5,0,Samouel
904,330,3,5,5,3,5,3,3,3,3,5,1,1,5,5,5,1,1,0,3,3,1,Samouel
905,331,5,5,4,4,4,3,6,3,4,4,2,1,4,4,4,1,1,1,4,3,0,Samouel
906,332,7,5,6,6,6,3,4,3,6,4,1,2,6,6,6,2,3,0,3,3,1,Samouel
907,333,6,4,4,6,4,3,5,3,6,3,1,1,4,4,4,1,1,1,4,4,0,Samouel
908,334,7,4,4,7,4,3,2,3,7,5,3,2,5,4,4,2,2,1,2,4,0,Samouel
909,335,4,4,4,6,4,3,5,3,6,3,1,1,4,4,4,1,1,1,4,4,0,Samouel
910,336,7,4,4,7,4,3,2,3,7,5,3,2,5,5,4,2,2,1,2,4,1,Samouel
911,337,4,5,1,5,4,3,4,3,4,3,2,2,4,4,4,1,1,0,4,5,0,Samouel
912,338,3,5,5,3,5,3,3,3,3,5,1,1,5,5,5,1,1,0,3,3,1,Samouel
913,339,5,5,4,4,4,3,6,3,4,4,2,1,4,4,4,1,1,1,4,3,0,Samouel
914,340,7,5,6,6,6,3,4,3,6,4,1,2,6,6,6,2,3,0,3,3,1,Samouel
915,341,6,4,4,6,4,3,5,3,6,3,1,1,4,4,4,1,1,1,4,4,0,Samouel
916,342,7,4,4,7,4,3,2,3,7,5,3,2,5,4,4,2,2,1,2,4,0,Samouel
917,343,4,4,4,6,4,3,5,3,6,3,1,1,4,4,4,1,1,1,4,4,0,Samouel
918,344,7,4,4,7,4,3,2,3,7,5,3,2,5,5,4,2,2,1,2,4,1,Samouel
919,345,4,5,1,5,4,3,4,3,4,3,2,2,4,4,4,1,1,0,4,5,0,Samouel
920,346,3,5,5,3,5,3,3,3,3,5,1,1,5,5,5,1,1,0,3,3,1,Samouel
921,347,5,5,4,4,4,3,6,3,4,4,2,1,4,4,4,1,1,1,4,3,0,Samouel
922,348,7,5,6,6,6,3,4,3,6,4,1,2,6,6,6,2,3,0,3,3,1,Samouel
923,349,6,4,4,6,4,3,5,3,6,3,1,1,4,4,4,1,1,1,4,4,0,Samouel
924,350,7,4,4,7,4,3,2,3,7,5,3,2,5,4,4,2,2,1,2,4,0,Samouel
925,554,3,5,5,3,4,4,5,3,4,5,1,1,4,3,3,1,1,0,4,5,0,Samouel
926,555,5,3,3,5,3,4,2,3,5,5,2,2,4,3,3,2,1,1,4,5,0,Samouel
927,556,4,5,4,4,4,4,6,3,4,5,2,1,4,4,4,1,1,1,4,3,0,Samouel
928,557,4,4,4,4,3,4,4,3,6,6,3,3,4,4,3,1,2,1,4,5,0,Samouel
929,558,7,5,4,7,4,4,6,3,7,5,3,2,7,5,5,3,2,0,3,3,1,Samouel
930,559,5,3,3,5,3,4,2,3,6,5,2,2,4,3,3,1,1,1,4,5,0,Samouel
931,560,4,4,6,4,3,4,3,3,3,6,3,3,4,3,3,1,2,1,4,5,0,Samouel
932,561,7,5,4,6,5,4,6,3,7,5,3,2,6,5,5,3,2,0,3,4,1,Samouel
933,562,3,5,5,3,4,4,5,3,4,5,1,1,4,3,3,1,1,0,4,5,0,Samouel
934,563,5,3,3,5,3,4,2,3,5,5,2,2,4,3,3,2,1,1,4,5,0,Samouel
935,564,4,5,4,4,4,4,6,3,4,5,2,1,4,4,4,1,1,1,4,3,0,Samouel
936,565,4,4,4,4,3,4,4,3,6,6,3,3,4,4,3,1,2,1,4,5,0,Samouel
937,566,7,5,4,7,4,4,6,3,7,5,3,2,7,5,5,3,2,0,3,3,1,Samouel
938,567,5,3,3,5,3,4,2,3,6,5,2,2,4,3,3,1,1,1,4,5,0,Samouel
939,568,4,4,6,4,3,4,3,3,3,6,3,3,4,3,3,1,2,1,4,5,0,Samouel
940,569,7,5,4,6,5,4,6,3,7,5,3,2,6,5,5,3,2,0,3,4,1,Samouel
941,570,3,5,5,3,4,4,5,3,4,5,1,1,4,3,3,1,1,0,4,5,0,Samouel
942,571,5,3,3,5,3,4,2,3,5,5,2,2,4,3,3,2,1,1,4,5,0,Samouel
943,572,4,5,4,4,4,4,6,3,4,5,2,1,4,4,4,1,1,1,4,3,0,Samouel
944,573,4,4,4,4,3,4,4,3,6,6,3,3,4,4,3,1,2,1,4,5,0,Samouel
945,574,7,5,4,7,4,4,6,3,7,5,3,2,7,5,5,3,2,0,3,3,1,Samouel
946,575,5,3,3,5,3,4,2,3,6,5,2,2,4,3,3,1,1,1,4,5,0,Samouel
947,576,4,4,6,4,3,4,3,3,3,6,3,3,4,3,3,1,2,1,4,5,0,Samouel
948,577,7,5,4,6,5,4,6,3,7,5,3,2,6,5,5,3,2,0,3,4,1,Samouel
949,578,3,5,5,3,4,4,5,3,4,5,1,1,4,3,3,1,1,0,4,5,0,Samouel
950,579,5,3,3,5,3,4,2,3,5,5,2,2,4,3,3,2,1,1,4,5,0,Samouel
951,580,4,5,4,4,4,4,6,3,4,5,2,1,4,4,4,1,1,1,4,3,0,Samouel
952,581,4,4,4,4,3,4,4,3,6,6,3,3,4,4,3,1,2,1,4,5,0,Samouel
953,582,7,5,4,7,4,4,6,3,7,5,3,2,7,5,5,3,2,0,3,3,1,Samouel
954,583,5,3,3,5,3,4,2,3,6,5,2,2,4,3,3,1,1,1,4,5,0,Samouel
955,584,4,4,6,4,3,4,3,3,3,6,3,3,4,3,3,1,2,1,4,5,0,Samouel
956,585,7,5,4,6,5,4,6,3,7,5,3,2,6,5,5,3,2,0,3,4,1,Samouel
957,586,3,5,5,3,4,4,5,3,4,5,1,1,4,3,3,1,1,0,4,5,0,Samouel
958,587,5,3,3,5,3,4,2,3,5,5,2,2,4,3,3,2,1,1,4,5,0,Samouel
959,588,4,5,4,4,4,4,6,3,4,5,2,1,4,4,4,1,1,1,4,3,0,Samouel
960,589,4,4,4,4,3,4,4,3,6,6,3,3,4,4,3,1,2,1,4,5,0,Samouel
961,590,7,5,4,7,4,4,6,3,7,5,3,2,7,5,5,3,2,0,3,3,1,Samouel
962,591,5,3,3,5,3,4,2,3,6,5,2,2,4,3,3,1,1,1,4,5,0,Samouel
963,592,4,4,6,4,3,4,3,3,3,6,3,3,4,3,3,1,2,1,4,5,0,Samouel
964,593,7,5,4,6,5,4,6,3,7,5,3,2,6,5,5,3,2,0,3,4,1,Samouel
965,594,3,5,5,3,4,4,5,3,4,5,1,1,4,3,3,1,1,0,4,5,0,Samouel
966,595,5,3,3,5,3,4,2,3,5,5,2,2,4,3,3,2,1,1,4,5,0,Samouel
967,596,4,5,4,4,4,4,6,3,4,5,2,1,4,4,4,1,1,1,4,3,0,Samouel
968,597,4,4,4,4,3,4,4,3,6,6,3,3,4,4,3,1,2,1,4,5,0,Samouel
969,598,7,5,4,7,4,4,6,3,7,5,3,2,7,5,5,3,2,0,3,3,1,Samouel
970,599,5,3,3,5,3,4,2,3,6,5,2,2,4,3,3,1,1,1,4,5,0,Samouel
971,600,4,4,6,4,3,4,3,3,3,6,3,3,4,3,3,1,2,1,4,5,0,Samouel
972,601,7,5,4,6,5,4,6,3,7,5,3,2,6,5,5,3,2,0,3,4,1,Samouel
973,602,3,5,5,3,4,4,5,3,4,5,1,1,4,3,3,1,1,0,4,5,0,Samouel
974,603,5,3,3,5,3,4,2,3,5,5,2,2,4,3,3,2,1,1,4,5,0,Samouel
975,604,4,5,4,4,4,4,6,3,4,5,2,1,4,4,4,1,1,1,4,3,0,Samouel
976,605,4,4,4,4,3,4,4,3,6,6,3,3,4,4,3,1,2,1,4,5,0,Samouel
977,606,7,5,4,7,4,4,6,3,7,5,3,2,7,5,5,3,2,0,3,3,1,Samouel
978,607,5,3,3,5,3,4,2,3,6,5,2,2,4,3,3,1,1,1,4,5,0,Samouel
979,608,4,4,6,4,3,4,3,3,3,6,3,3,4,3,3,1,2,1,4,5,0,Samouel
980,609,7,5,4,6,5,4,6,3,7,5,3,2,6,5,5,3,2,0,3,4,1,Samouel
981,827,4,5,3,5,4,1,4,4,6,4,1,1,4,5,4,1,1,1,4,4,1,Samouel
982,828,7,5,1,7,4,1,5,4,7,3,1,1,4,4,4,2,1,0,4,5,0,Samouel
983,829,5,5,3,5,4,1,4,4,5,3,1,1,4,5,4,1,1,1,4,5,1,Samouel
984,830,5,4,3,5,3,1,2,4,5,4,1,1,3,3,3,1,1,1,4,3,0,Samouel
985,831,7,5,1,7,4,1,5,4,7,3,1,1,4,4,4,1,1,0,4,5,0,Samouel
986,832,4,5,3,5,4,1,4,4,6,4,1,1,4,5,4,1,1,1,4,4,1,Samouel
987,833,7,5,1,7,4,1,5,4,7,3,1,1,4,4,4,2,1,0,4,5,0,Samouel
988,834,5,5,3,5,4,1,4,4,5,3,1,1,4,5,4,1,1,1,4,5,1,Samouel
989,835,5,4,3,5,3,1,2,4,5,4,1,1,3,3,3,1,1,1,4,3,0,Samouel
990,836,7,5,1,7,4,1,5,4,7,3,1,1,4,4,4,1,1,0,4,5,0,Samouel
991,837,4,5,3,5,4,1,4,4,6,4,1,1,4,5,4,1,1,1,4,4,1,Samouel
992,838,7,5,1,7,4,1,5,4,7,3,1,1,4,4,4,2,1,0,4,5,0,Samouel
993,839,5,5,3,5,4,1,4,4,5,3,1,1,4,5,4,1,1,1,4,5,1,Samouel
994,840,5,4,3,5,3,1,2,4,5,4,1,1,3,3,3,1,1,1,4,3,0,Samouel
995,841,7,5,1,7,4,1,5,4,7,3,1,1,4,4,4,1,1,0,4,5,0,Samouel
996,842,4,5,3,5,4,1,4,4,6,4,1,1,4,5,4,1,1,1,4,4,1,Samouel
997,843,7,5,1,7,4,1,5,4,7,3,1,1,4,4,4,2,1,0,4,5,0,Samouel
998,844,5,5,3,5,4,1,4,4,5,3,1,1,4,5,4,1,1,1,4,5,1,Samouel
999,845,5,4,3,5,3,1,2,4,5,4,1,1,3,3,3,1,1,1,4,3,0,Samouel
1000,846,7,5,1,7,4,1,5,4,7,3,1,1,4,4,4,1,1,0,4,5,0,Samouel
1001,847,4,5,3,5,4,1,4,4,6,4,1,1,4,5,4,1,1,1,4,4,1,Samouel
1002,848,7,5,1,7,4,1,5,4,7,3,1,1,4,4,4,2,1,0,4,5,0,Samouel
1003,849,5,5,3,5,4,1,4,4,5,3,1,1,4,5,4,1,1,1,4,5,1,Samouel
1004,850,5,4,3,5,3,1,2,4,5,4,1,1,3,3,3,1,1,1,4,3,0,Samouel
1005,851,7,5,1,7,4,1,5,4,7,3,1,1,4,4,4,1,1,0,4,5,0,Samouel
1006,852,4,5,3,5,4,1,4,4,6,4,1,1,4,5,4,1,1,1,4,4,1,Samouel
1007,853,7,5,1,7,4,1,5,4,7,3,1,1,4,4,4,2,1,0,4,5,0,Samouel
1008,854,5,5,3,5,4,1,4,4,5,3,1,1,4,5,4,1,1,1,4,5,1,Samouel
1009,855,5,4,3,5,3,1,2,4,5,4,1,1,3,3,3,1,1,1,4,3,0,Samouel
1010,856,7,5,1,7,4,1,5,4,7,3,1,1,4,4,4,1,1,0,4,5,0,Samouel
1011,857,4,5,3,5,4,1,4,4,6,4,1,1,4,5,4,1,1,1,4,4,1,Samouel
1012,858,7,5,1,7,4,1,5,4,7,3,1,1,4,4,4,2,1,0,4,5,0,Samouel
1013,859,5,5,3,5,4,1,4,4,5,3,1,1,4,5,4,1,1,1,4,5,1,Samouel
1014,860,5,4,3,5,3,1,2,4,5,4,1,1,3,3,3,1,1,1,4,3,0,Samouel
1015,861,7,5,1,7,4,1,5,4,7,3,1,1,4,4,4,1,1,0,4,5,0,Samouel
1016,862,3,4,5,3,3,2,5,4,3,5,2,1,3,3,4,2,1,1,4,5,0,Samouel
1017,863,6,4,2,4,3,2,4,4,6,3,3,2,4,4,3,2,1,1,4,2,0,Samouel
1018,864,4,5,4,4,4,2,6,4,6,4,1,1,4,4,4,2,1,1,4,2,0,Samouel
1019,865,5,5,3,5,3,2,5,4,5,4,1,1,4,3,3,1,1,1,5,5,0,Samouel
1020,866,3,5,5,3,3,2,5,4,3,5,1,1,3,3,3,1,1,1,4,5,0,Samouel
1021,867,3,4,3,4,3,2,5,4,3,5,2,1,3,3,3,3,1,1,4,5,0,Samouel
1022,868,5,5,4,5,4,2,6,4,5,4,1,1,4,4,4,2,1,1,4,2,0,Samouel
1023,869,5,5,4,4,4,2,5,4,4,4,1,1,4,4,4,1,1,1,5,4,0,Samouel
1024,870,4,5,5,3,3,2,5,4,3,5,1,1,3,3,3,1,1,1,4,4,0,Samouel
1025,871,3,4,5,3,3,2,5,4,3,5,2,1,3,3,4,2,1,1,4,5,0,Samouel
1026,872,6,4,2,4,3,2,4,4,6,3,3,2,4,4,3,2,1,1,4,2,0,Samouel
1027,873,4,5,4,4,4,2,6,4,6,4,1,1,4,4,4,2,1,1,4,2,0,Samouel
1028,874,5,5,3,5,3,2,5,4,5,4,1,1,4,3,3,1,1,1,5,5,0,Samouel
1029,875,3,5,5,3,3,2,5,4,3,5,1,1,3,3,3,1,1,1,4,5,0,Samouel
1030,876,3,4,3,4,3,2,5,4,3,5,2,1,3,3,3,3,1,1,4,5,0,Samouel
1031,877,5,5,4,5,4,2,6,4,5,4,1,1,4,4,4,2,1,1,4,2,0,Samouel
1032,878,5,5,4,4,4,2,5,4,4,4,1,1,4,4,4,1,1,1,5,4,0,Samouel
1033,879,4,5,5,3,3,2,5,4,3,5,1,1,3,3,3,1,1,1,4,4,0,Samouel
1034,880,3,4,5,3,3,2,5,4,3,5,2,1,3,3,4,2,1,1,4,5,0,Samouel
1035,881,6,4,2,4,3,2,4,4,6,3,3,2,4,4,3,2,1,1,4,2,0,Samouel
1036,882,4,5,4,4,4,2,6,4,6,4,1,1,4,4,4,2,1,1,4,2,0,Samouel
1037,883,5,5,3,5,3,2,5,4,5,4,1,1,4,3,3,1,1,1,5,5,0,Samouel
1038,884,3,5,5,3,3,2,5,4,3,5,1,1,3,3,3,1,1,1,4,5,0,Samouel
1039,885,3,4,3,4,3,2,5,4,3,5,2,1,3,3,3,3,1,1,4,5,0,Samouel
1040,886,5,5,4,5,4,2,6,4,5,4,1,1,4,4,4,2,1,1,4,2,0,Samouel
1041,887,5,5,4,4,4,2,5,4,4,4,1,1,4,4,4,1,1,1,5,4,0,Samouel
1042,888,4,5,5,3,3,2,5,4,3,5,1,1,3,3,3,1,1,1,4,4,0,Samouel
1043,889,3,4,5,3,3,2,5,4,3,5,2,1,3,3,4,2,1,1,4,5,0,Samouel
1044,890,6,4,2,4,3,2,4,4,6,3,3,2,4,4,3,2,1,1,4,2,0,Samouel
1045,891,4,5,4,4,4,2,6,4,6,4,1,1,4,4,4,2,1,1,4,2,0,Samouel
1046,892,5,5,3,5,3,2,5,4,5,4,1,1,4,3,3,1,1,1,5,5,0,Samouel
1047,893,3,5,5,3,3,2,5,4,3,5,1,1,3,3,3,1,1,1,4,5,0,Samouel
1048,894,3,4,3,4,3,2,5,4,3,5,2,1,3,3,3,3,1,1,4,5,0,Samouel
1049,895,5,5,4,5,4,2,6,4,5,4,1,1,4,4,4,2,1,1,4,2,0,Samouel
1050,896,5,5,4,4,4,2,5,4,4,4,1,1,4,4,4,1,1,1,5,4,0,Samouel
1051,897,4,5,5,3,3,2,5,4,3,5,1,1,3,3,3,1,1,1,4,4,0,Samouel
1052,898,3,4,5,3,3,2,5,4,3,5,2,1,3,3,4,2,1,1,4,5,0,Samouel
1053,899,6,4,2,4,3,2,4,4,6,3,3,2,4,4,3,2,1,1,4,2,0,Samouel
1054,900,4,5,4,4,4,2,6,4,6,4,1,1,4,4,4,2,1,1,4,2,0,Samouel
1055,901,5,5,3,5,3,2,5,4,5,4,1,1,4,3,3,1,1,1,5,5,0,Samouel
1056,902,3,5,5,3,3,2,5,4,3,5,1,1,3,3,3,1,1,1,4,5,0,Samouel
1057,903,3,4,3,4,3,2,5,4,3,5,2,1,3,3,3,3,1,1,4,5,0,Samouel
1058,904,5,5,4,5,4,2,6,4,5,4,1,1,4,4,4,2,1,1,4,2,0,Samouel
1059,905,5,5,4,4,4,2,5,4,4,4,1,1,4,4,4,1,1,1,5,4,0,Samouel
1060,906,4,5,5,3,3,2,5,4,3,5,1,1,3,3,3,1,1,1,4,4,0,Samouel
1061,907,3,4,5,3,3,2,5,4,3,5,2,1,3,3,4,2,1,1,4,5,0,Samouel
1062,908,6,4,2,4,3,2,4,4,6,3,3,2,4,4,3,2,1,1,4,2,0,Samouel
1063,909,4,5,4,4,4,2,6,4,6,4,1,1,4,4,4,2,1,1,4,2,0,Samouel
1064,910,5,5,3,5,3,2,5,4,5,4,1,1,4,3,3,1,1,1,5,5,0,Samouel
1065,911,3,5,5,3,3,2,5,4,3,5,1,1,3,3,3,1,1,1,4,5,0,Samouel
1066,912,3,4,3,4,3,2,5,4,3,5,2,1,3,3,3,3,1,1,4,5,0,Samouel
1067,913,5,5,4,5,4,2,6,4,5,4,1,1,4,4,4,2,1,1,4,2,0,Samouel
1068,914,5,5,4,4,4,2,5,4,4,4,1,1,4,4,4,1,1,1,5,4,0,Samouel
1069,915,4,5,5,3,3,2,5,4,3,5,1,1,3,3,3,1,1,1,4,4,0,Samouel
1070,916,3,4,5,3,3,2,5,4,3,5,2,1,3,3,4,2,1,1,4,5,0,Samouel
1071,917,6,4,2,4,3,2,4,4,6,3,3,2,4,4,3,2,1,1,4,2,0,Samouel
1072,918,4,5,4,4,4,2,6,4,6,4,1,1,4,4,4,2,1,1,4,2,0,Samouel
1073,919,5,5,3,5,3,2,5,4,5,4,1,1,4,3,3,1,1,1,5,5,0,Samouel
1074,920,3,5,5,3,3,2,5,4,3,5,1,1,3,3,3,1,1,1,4,5,0,Samouel
1075,921,3,4,3,4,3,2,5,4,3,5,2,1,3,3,3,3,1,1,4,5,0,Samouel
1076,922,5,5,4,5,4,2,6,4,5,4,1,1,4,4,4,2,1,1,4,2,0,Samouel
1077,923,5,5,4,4,4,2,5,4,4,4,1,1,4,4,4,1,1,1,5,4,0,Samouel
1078,924,4,5,5,3,3,2,5,4,3,5,1,1,3,3,3,1,1,1,4,4,0,Samouel
1079,932,6,6,4,6,6,3,6,4,6,4,2,2,6,6,6,3,2,0,2,3,1,Samouel
1080,933,3,6,1,3,3,3,4,4,4,3,3,1,4,3,3,1,1,0,4,5,0,Samouel
1081,934,4,5,4,7,4,3,5,4,7,3,2,1,4,4,4,1,1,0,4,5,0,Samouel
1082,935,4,5,3,4,4,3,4,4,4,4,3,2,4,3,3,1,2,1,5,5,0,Samouel
1083,936,6,5,6,6,6,3,5,4,6,6,3,2,4,4,3,1,1,0,4,5,0,Samouel
1084,937,6,5,4,5,4,3,5,4,7,4,2,2,5,4,4,2,2,1,1,4,0,Samouel
1085,938,6,6,2,6,4,3,2,4,6,4,1,2,5,4,3,2,2,1,2,3,0,Samouel
1086,939,4,6,2,4,2,3,5,4,4,3,2,2,7,6,5,3,2,0,3,4,1,Samouel
1087,940,7,5,5,7,5,3,4,4,6,5,3,2,7,6,6,3,3,0,2,3,1,Samouel
1088,941,4,4,3,3,3,3,4,4,5,5,3,2,3,3,3,1,1,0,5,4,0,Samouel
1089,942,6,5,5,6,5,3,3,4,6,5,1,1,6,6,5,3,2,0,3,4,1,Samouel
1090,943,7,6,5,7,5,3,6,4,7,4,2,2,6,5,4,3,2,0,2,2,1,Samouel
1091,944,4,6,1,4,4,3,4,4,5,3,3,1,5,4,4,1,1,0,4,4,0,Samouel
1092,945,7,5,2,7,2,3,4,4,7,3,2,1,5,4,3,1,1,0,4,5,0,Samouel
1093,946,4,5,3,3,3,3,4,4,3,4,3,2,4,3,3,1,2,1,5,5,0,Samouel
1094,947,6,5,4,6,4,3,5,4,6,6,3,2,4,4,4,1,1,0,4,1,0,Samouel
1095,948,5,5,1,5,5,3,4,4,5,3,2,2,6,5,5,2,3,0,3,3,1,Samouel
1096,949,6,5,6,6,6,3,5,4,6,4,2,2,6,6,6,3,2,1,2,4,1,Samouel
1097,950,6,6,2,5,5,3,2,4,5,4,1,2,6,5,5,2,2,1,3,3,1,Samouel
1098,951,6,6,4,6,6,3,6,4,6,4,2,2,6,6,6,3,2,0,2,3,1,Samouel
1099,952,3,6,1,3,3,3,4,4,4,3,3,1,4,3,3,1,1,0,4,5,0,Samouel
1100,953,4,5,4,7,4,3,5,4,7,3,2,1,4,4,4,1,1,0,4,5,0,Samouel
1101,954,4,5,3,4,4,3,4,4,4,4,3,2,4,3,3,1,2,1,5,5,0,Samouel
1102,955,6,5,6,6,6,3,5,4,6,6,3,2,4,4,3,1,1,0,4,5,0,Samouel
1103,956,6,5,4,5,4,3,5,4,7,4,2,2,5,4,4,2,2,1,1,4,0,Samouel
1104,957,6,6,2,6,4,3,2,4,6,4,1,2,5,4,3,2,2,1,2,3,0,Samouel
1105,958,4,6,2,4,2,3,5,4,4,3,2,2,7,6,5,3,2,0,3,4,1,Samouel
1106,959,7,5,5,7,5,3,4,4,6,5,3,2,7,6,6,3,3,0,2,3,1,Samouel
1107,960,4,4,3,3,3,3,4,4,5,5,3,2,3,3,3,1,1,0,5,4,0,Samouel
1108,961,6,5,5,6,5,3,3,4,6,5,1,1,6,6,5,3,2,0,3,4,1,Samouel
1109,962,7,6,5,7,5,3,6,4,7,4,2,2,6,5,4,3,2,0,2,2,1,Samouel
1110,963,4,6,1,4,4,3,4,4,5,3,3,1,5,4,4,1,1,0,4,4,0,Samouel
1111,964,7,5,2,7,2,3,4,4,7,3,2,1,5,4,3,1,1,0,4,5,0,Samouel
1112,965,4,5,3,3,3,3,4,4,3,4,3,2,4,3,3,1,2,1,5,5,0,Samouel
1113,966,6,5,4,6,4,3,5,4,6,6,3,2,4,4,4,1,1,0,4,1,0,Samouel
1114,967,5,5,1,5,5,3,4,4,5,3,2,2,6,5,5,2,3,0,3,3,1,Samouel
1115,968,6,5,6,6,6,3,5,4,6,4,2,2,6,6,6,3,2,1,2,4,1,Samouel
1116,969,6,6,2,5,5,3,2,4,5,4,1,2,6,5,5,2,2,1,3,3,1,Samouel
1117,970,6,6,4,6,6,3,6,4,6,4,2,2,6,6,6,3,2,0,2,3,1,Samouel
1118,971,3,6,1,3,3,3,4,4,4,3,3,1,4,3,3,1,1,0,4,5,0,Samouel
1119,972,4,5,4,7,4,3,5,4,7,3,2,1,4,4,4,1,1,0,4,5,0,Samouel
1120,973,4,5,3,4,4,3,4,4,4,4,3,2,4,3,3,1,2,1,5,5,0,Samouel
1121,974,6,5,6,6,6,3,5,4,6,6,3,2,4,4,3,1,1,0,4,5,0,Samouel
1122,975,6,5,4,5,4,3,5,4,7,4,2,2,5,4,4,2,2,1,1,4,0,Samouel
1123,976,6,6,2,6,4,3,2,4,6,4,1,2,5,4,3,2,2,1,2,3,0,Samouel
1124,977,4,6,2,4,2,3,5,4,4,3,2,2,7,6,5,3,2,0,3,4,1,Samouel
1125,978,7,5,5,7,5,3,4,4,6,5,3,2,7,6,6,3,3,0,2,3,1,Samouel
1126,979,4,4,3,3,3,3,4,4,5,5,3,2,3,3,3,1,1,0,5,4,0,Samouel
1127,980,6,5,5,6,5,3,3,4,6,5,1,1,6,6,5,3,2,0,3,4,1,Samouel
1128,981,7,6,5,7,5,3,6,4,7,4,2,2,6,5,4,3,2,0,2,2,1,Samouel
1129,982,4,6,1,4,4,3,4,4,5,3,3,1,5,4,4,1,1,0,4,4,0,Samouel
1130,983,7,5,2,7,2,3,4,4,7,3,2,1,5,4,3,1,1,0,4,5,0,Samouel
1131,984,4,5,3,3,3,3,4,4,3,4,3,2,4,3,3,1,2,1,5,5,0,Samouel
1132,985,6,5,4,6,4,3,5,4,6,6,3,2,4,4,4,1,1,0,4,1,0,Samouel
1133,986,5,5,1,5,5,3,4,4,5,3,2,2,6,5,5,2,3,0,3,3,1,Samouel
1134,987,6,5,6,6,6,3,5,4,6,4,2,2,6,6,6,3,2,1,2,4,1,Samouel
1135,988,6,6,2,5,5,3,2,4,5,4,1,2,6,5,5,2,2,1,3,3,1,Samouel
1136,989,6,6,4,6,6,3,6,4,6,4,2,2,6,6,6,3,2,0,2,3,1,Samouel
1137,990,3,6,1,3,3,3,4,4,4,3,3,1,4,3,3,1,1,0,4,5,0,Samouel
1138,991,4,5,4,7,4,3,5,4,7,3,2,1,4,4,4,1,1,0,4,5,0,Samouel
1139,992,4,5,3,4,4,3,4,4,4,4,3,2,4,3,3,1,2,1,5,5,0,Samouel
1140,993,6,5,6,6,6,3,5,4,6,6,3,2,4,4,3,1,1,0,4,5,0,Samouel
1141,994,6,5,4,5,4,3,5,4,7,4,2,2,5,4,4,2,2,1,1,4,0,Samouel
1142,995,6,6,2,6,4,3,2,4,6,4,1,2,5,4,3,2,2,1,2,3,0,Samouel
1143,996,4,6,2,4,2,3,5,4,4,3,2,2,7,6,5,3,2,0,3,4,1,Samouel
1144,997,7,5,5,7,5,3,4,4,6,5,3,2,7,6,6,3,3,0,2,3,1,Samouel
1145,998,4,4,3,3,3,3,4,4,5,5,3,2,3,3,3,1,1,0,5,4,0,Samouel
1146,999,6,5,5,6,5,3,3,4,6,5,1,1,6,6,5,3,2,0,3,4,1,Samouel
1147,1000,7,6,5,7,5,3,6,4,7,4,2,2,6,5,4,3,2,0,2,2,1,Samouel
1148,1001,4,6,1,4,4,3,4,4,5,3,3,1,5,4,4,1,1,0,4,4,0,Samouel
1149,1002,7,5,2,7,2,3,4,4,7,3,2,1,5,4,3,1,1,0,4,5,0,Samouel
1150,1003,4,5,3,3,3,3,4,4,3,4,3,2,4,3,3,1,2,1,5,5,0,Samouel
1151,1004,6,5,4,6,4,3,5,4,6,6,3,2,4,4,4,1,1,0,4,1,0,Samouel
1152,1005,5,5,1,5,5,3,4,4,5,3,2,2,6,5,5,2,3,0,3,3,1,Samouel
1153,1006,6,5,6,6,6,3,5,4,6,4,2,2,6,6,6,3,2,1,2,4,1,Samouel
1154,1007,6,6,2,5,5,3,2,4,5,4,1,2,6,5,5,2,2,1,3,3,1,Samouel
1155,1008,6,6,4,6,6,3,6,4,6,4,2,2,6,6,6,3,2,0,2,3,1,Samouel
1156,1009,3,6,1,3,3,3,4,4,4,3,3,1,4,3,3,1,1,0,4,5,0,Samouel
1157,1010,4,5,4,7,4,3,5,4,7,3,2,1,4,4,4,1,1,0,4,5,0,Samouel
1158,1011,4,5,3,4,4,3,4,4,4,4,3,2,4,3,3,1,2,1,5,5,0,Samouel
1159,1012,6,5,6,6,6,3,5,4,6,6,3,2,4,4,3,1,1,0,4,5,0,Samouel
1160,1013,6,5,4,5,4,3,5,4,7,4,2,2,5,4,4,2,2,1,1,4,0,Samouel
1161,1014,6,6,2,6,4,3,2,4,6,4,1,2,5,4,3,2,2,1,2,3,0,Samouel
1162,1015,4,6,2,4,2,3,5,4,4,3,2,2,7,6,5,3,2,0,3,4,1,Samouel
1163,1016,7,5,5,7,5,3,4,4,6,5,3,2,7,6,6,3,3,0,2,3,1,Samouel
1164,1017,4,4,3,3,3,3,4,4,5,5,3,2,3,3,3,1,1,0,5,4,0,Samouel
1165,1018,6,5,5,6,5,3,3,4,6,5,1,1,6,6,5,3,2,0,3,4,1,Samouel
1166,1019,7,6,5,7,5,3,6,4,7,4,2,2,6,5,4,3,2,0,2,2,1,Samouel
1167,1020,4,6,1,4,4,3,4,4,5,3,3,1,5,4,4,1,1,0,4,4,0,Samouel
1168,1021,7,5,2,7,2,3,4,4,7,3,2,1,5,4,3,1,1,0,4,5,0,Samouel
1169,1022,4,5,3,3,3,3,4,4,3,4,3,2,4,3,3,1,2,1,5,5,0,Samouel
1170,1023,6,5,4,6,4,3,5,4,6,6,3,2,4,4,4,1,1,0,4,1,0,Samouel
1171,1024,5,5,1,5,5,3,4,4,5,3,2,2,6,5,5,2,3,0,3,3,1,Samouel
1172,1025,6,5,6,6,6,3,5,4,6,4,2,2,6,6,6,3,2,1,2,4,1,Samouel
1173,1026,6,6,2,5,5,3,2,4,5,4,1,2,6,5,5,2,2,1,3,3,1,Samouel
1174,1027,6,6,4,6,6,3,6,4,6,4,2,2,6,6,6,3,2,0,2,3,1,Samouel
1175,1028,3,6,1,3,3,3,4,4,4,3,3,1,4,3,3,1,1,0,4,5,0,Samouel
1176,1029,4,5,4,7,4,3,5,4,7,3,2,1,4,4,4,1,1,0,4,5,0,Samouel
1177,1030,4,5,3,4,4,3,4,4,4,4,3,2,4,3,3,1,2,1,5,5,0,Samouel
1178,1031,6,5,6,6,6,3,5,4,6,6,3,2,4,4,3,1,1,0,4,5,0,Samouel
1179,1032,6,5,4,5,4,3,5,4,7,4,2,2,5,4,4,2,2,1,1,4,0,Samouel
1180,1033,6,6,2,6,4,3,2,4,6,4,1,2,5,4,3,2,2,1,2,3,0,Samouel
1181,1034,4,6,2,4,2,3,5,4,4,3,2,2,7,6,5,3,2,0,3,4,1,Samouel
1182,1035,7,5,5,7,5,3,4,4,6,5,3,2,7,6,6,3,3,0,2,3,1,Samouel
1183,1036,4,4,3,3,3,3,4,4,5,5,3,2,3,3,3,1,1,0,5,4,0,Samouel
1184,1037,6,5,5,6,5,3,3,4,6,5,1,1,6,6,5,3,2,0,3,4,1,Samouel
1185,1038,7,6,5,7,5,3,6,4,7,4,2,2,6,5,4,3,2,0,2,2,1,Samouel
1186,1039,4,6,1,4,4,3,4,4,5,3,3,1,5,4,4,1,1,0,4,4,0,Samouel
1187,1040,7,5,2,7,2,3,4,4,7,3,2,1,5,4,3,1,1,0,4,5,0,Samouel
1188,1041,4,5,3,3,3,3,4,4,3,4,3,2,4,3,3,1,2,1,5,5,0,Samouel
1189,1042,6,5,4,6,4,3,5,4,6,6,3,2,4,4,4,1,1,0,4,1,0,Samouel
1190,1043,5,5,1,5,5,3,4,4,5,3,2,2,6,5,5,2,3,0,3,3,1,Samouel
1191,1044,6,5,6,6,6,3,5,4,6,4,2,2,6,6,6,3,2,1,2,4,1,Samouel
1192,1045,6,6,2,5,5,3,2,4,5,4,1,2,6,5,5,2,2,1,3,3,1,Samouel
1193,1046,6,6,4,6,6,3,6,4,6,4,2,2,6,6,6,3,2,0,2,3,1,Samouel
1194,1047,3,6,1,3,3,3,4,4,4,3,3,1,4,3,3,1,1,0,4,5,0,Samouel
1195,1048,4,5,4,7,4,3,5,4,7,3,2,1,4,4,4,1,1,0,4,5,0,Samouel
1196,1049,4,5,3,4,4,3,4,4,4,4,3,2,4,3,3,1,2,1,5,5,0,Samouel
1197,1050,6,5,6,6,6,3,5,4,6,6,3,2,4,4,3,1,1,0,4,5,0,Samouel
1198,1051,6,5,4,5,4,3,5,4,7,4,2,2,5,4,4,2,2,1,1,4,0,Samouel
1199,1052,6,6,2,6,4,3,2,4,6,4,1,2,5,4,3,2,2,1,2,3,0,Samouel
1200,1053,4,6,2,4,2,3,5,4,4,3,2,2,7,6,5,3,2,0,3,4,1,Samouel
1201,1054,7,5,5,7,5,3,4,4,6,5,3,2,7,6,6,3,3,0,2,3,1,Samouel
1202,1055,4,4,3,3,3,3,4,4,5,5,3,2,3,3,3,1,1,0,5,4,0,Samouel
1203,1056,6,5,5,6,5,3,3,4,6,5,1,1,6,6,5,3,2,0,3,4,1,Samouel
1204,1057,7,6,5,7,5,3,6,4,7,4,2,2,6,5,4,3,2,0,2,2,1,Samouel
1205,1058,4,6,1,4,4,3,4,4,5,3,3,1,5,4,4,1,1,0,4,4,0,Samouel
1206,1059,7,5,2,7,2,3,4,4,7,3,2,1,5,4,3,1,1,0,4,5,0,Samouel
1207,1060,4,5,3,3,3,3,4,4,3,4,3,2,4,3,3,1,2,1,5,5,0,Samouel
1208,1061,6,5,4,6,4,3,5,4,6,6,3,2,4,4,4,1,1,0,4,1,0,Samouel
1209,1062,5,5,1,5,5,3,4,4,5,3,2,2,6,5,5,2,3,0,3,3,1,Samouel
1210,1063,6,5,6,6,6,3,5,4,6,4,2,2,6,6,6,3,2,1,2,4,1,Samouel
1211,1064,6,6,2,5,5,3,2,4,5,4,1,2,6,5,5,2,2,1,3,3,1,Samouel
1212,1121,6,5,3,4,4,4,5,4,4,4,4,3,4,3,4,3,1,1,3,2,0,Samouel
1213,1122,6,6,2,6,6,4,5,4,4,3,2,2,6,6,6,3,2,0,2,3,1,Samouel
1214,1123,6,5,5,5,5,4,5,4,7,6,3,2,6,5,5,3,3,0,3,3,1,Samouel
1215,1124,3,4,3,3,3,4,4,4,5,5,3,2,3,3,3,1,1,0,5,4,0,Samouel
1216,1125,7,7,5,5,5,4,5,4,7,5,3,2,6,5,5,3,3,0,3,3,1,Samouel
1217,1126,6,5,4,5,5,4,3,4,5,5,1,1,5,5,4,2,1,0,3,3,1,Samouel
1218,1127,7,7,6,6,6,4,5,4,6,5,3,2,6,6,6,3,2,0,3,3,1,Samouel
1219,1128,6,5,3,4,4,4,5,4,4,4,4,3,4,3,4,3,1,1,3,2,0,Samouel
1220,1129,6,6,2,6,6,4,5,4,4,3,2,2,6,6,6,3,2,0,2,3,1,Samouel
1221,1130,6,5,5,5,5,4,5,4,7,6,3,2,6,5,5,3,3,0,3,3,1,Samouel
1222,1131,3,4,3,3,3,4,4,4,5,5,3,2,3,3,3,1,1,0,5,4,0,Samouel
1223,1132,7,7,5,5,5,4,5,4,7,5,3,2,6,5,5,3,3,0,3,3,1,Samouel
1224,1133,6,5,4,5,5,4,3,4,5,5,1,1,5,5,4,2,1,0,3,3,1,Samouel
1225,1134,7,7,6,6,6,4,5,4,6,5,3,2,6,6,6,3,2,0,3,3,1,Samouel
1226,1135,6,5,3,4,4,4,5,4,4,4,4,3,4,3,4,3,1,1,3,2,0,Samouel
1227,1136,6,6,2,6,6,4,5,4,4,3,2,2,6,6,6,3,2,0,2,3,1,Samouel
1228,1137,6,5,5,5,5,4,5,4,7,6,3,2,6,5,5,3,3,0,3,3,1,Samouel
1229,1138,3,4,3,3,3,4,4,4,5,5,3,2,3,3,3,1,1,0,5,4,0,Samouel
1230,1139,7,7,5,5,5,4,5,4,7,5,3,2,6,5,5,3,3,0,3,3,1,Samouel
1231,1140,6,5,4,5,5,4,3,4,5,5,1,1,5,5,4,2,1,0,3,3,1,Samouel
1232,1141,7,7,6,6,6,4,5,4,6,5,3,2,6,6,6,3,2,0,3,3,1,Samouel
1233,1142,6,5,3,4,4,4,5,4,4,4,4,3,4,3,4,3,1,1,3,2,0,Samouel
1234,1143,6,6,2,6,6,4,5,4,4,3,2,2,6,6,6,3,2,0,2,3,1,Samouel
1235,1144,6,5,5,5,5,4,5,4,7,6,3,2,6,5,5,3,3,0,3,3,1,Samouel
1236,1145,3,4,3,3,3,4,4,4,5,5,3,2,3,3,3,1,1,0,5,4,0,Samouel
1237,1146,7,7,5,5,5,4,5,4,7,5,3,2,6,5,5,3,3,0,3,3,1,Samouel
1238,1147,6,5,4,5,5,4,3,4,5,5,1,1,5,5,4,2,1,0,3,3,1,Samouel
1239,1148,7,7,6,6,6,4,5,4,6,5,3,2,6,6,6,3,2,0,3,3,1,Samouel
1240,1149,6,5,3,4,4,4,5,4,4,4,4,3,4,3,4,3,1,1,3,2,0,Samouel
1241,1150,6,6,2,6,6,4,5,4,4,3,2,2,6,6,6,3,2,0,2,3,1,Samouel
1242,1151,6,5,5,5,5,4,5,4,7,6,3,2,6,5,5,3,3,0,3,3,1,Samouel
1243,1152,3,4,3,3,3,4,4,4,5,5,3,2,3,3,3,1,1,0,5,4,0,Samouel
1244,1153,7,7,5,5,5,4,5,4,7,5,3,2,6,5,5,3,3,0,3,3,1,Samouel
1245,1154,6,5,4,5,5,4,3,4,5,5,1,1,5,5,4,2,1,0,3,3,1,Samouel
1246,1155,7,7,6,6,6,4,5,4,6,5,3,2,6,6,6,3,2,0,3,3,1,Samouel
1247,1156,6,5,3,4,4,4,5,4,4,4,4,3,4,3,4,3,1,1,3,2,0,Samouel
1248,1157,6,6,2,6,6,4,5,4,4,3,2,2,6,6,6,3,2,0,2,3,1,Samouel
1249,1158,6,5,5,5,5,4,5,4,7,6,3,2,6,5,5,3,3,0,3,3,1,Samouel
1250,1159,3,4,3,3,3,4,4,4,5,5,3,2,3,3,3,1,1,0,5,4,0,Samouel
1251,1160,7,7,5,5,5,4,5,4,7,5,3,2,6,5,5,3,3,0,3,3,1,Samouel
1252,1161,6,5,4,5,5,4,3,4,5,5,1,1,5,5,4,2,1,0,3,3,1,Samouel
1253,1162,7,7,6,6,6,4,5,4,6,5,3,2,6,6,6,3,2,0,3,3,1,Samouel
1254,1163,6,5,3,4,4,4,5,4,4,4,4,3,4,3,4,3,1,1,3,2,0,Samouel
1255,1164,6,6,2,6,6,4,5,4,4,3,2,2,6,6,6,3,2,0,2,3,1,Samouel
1256,1165,6,5,5,5,5,4,5,4,7,6,3,2,6,5,5,3,3,0,3,3,1,Samouel
1257,1166,3,4,3,3,3,4,4,4,5,5,3,2,3,3,3,1,1,0,5,4,0,Samouel
1258,1167,7,7,5,5,5,4,5,4,7,5,3,2,6,5,5,3,3,0,3,3,1,Samouel
1259,1168,6,5,4,5,5,4,3,4,5,5,1,1,5,5,4,2,1,0,3,3,1,Samouel
1260,1169,7,7,6,6,6,4,5,4,6,5,3,2,6,6,6,3,2,0,3,3,1,Samouel
1261,1205,6,6,2,6,6,5,5,4,6,4,2,3,6,6,6,3,3,0,3,3,1,Samouel
1262,1206,6,5,3,6,4,5,6,4,6,3,2,3,4,4,3,2,2,1,1,2,0,Samouel
1263,1207,6,5,6,6,6,5,6,4,5,5,3,2,7,7,6,3,3,0,2,4,1,Samouel
1264,1208,4,5,4,6,4,5,5,4,6,4,4,3,4,4,4,3,1,1,3,2,0,Samouel
1265,1209,7,6,2,7,2,5,5,4,7,4,2,3,6,5,5,3,3,0,3,4,1,Samouel
1266,1210,6,5,3,6,3,5,6,4,6,3,2,3,4,4,3,2,2,1,1,2,0,Samouel
1267,1211,6,5,6,6,6,5,6,4,6,5,3,2,7,6,6,3,3,0,3,4,1,Samouel
1268,1212,6,6,2,6,6,5,5,4,6,4,2,3,6,6,6,3,3,0,3,3,1,Samouel
1269,1213,6,5,3,6,4,5,6,4,6,3,2,3,4,4,3,2,2,1,1,2,0,Samouel
1270,1214,6,5,6,6,6,5,6,4,5,5,3,2,7,7,6,3,3,0,2,4,1,Samouel
1271,1215,4,5,4,6,4,5,5,4,6,4,4,3,4,4,4,3,1,1,3,2,0,Samouel
1272,1216,7,6,2,7,2,5,5,4,7,4,2,3,6,5,5,3,3,0,3,4,1,Samouel
1273,1217,6,5,3,6,3,5,6,4,6,3,2,3,4,4,3,2,2,1,1,2,0,Samouel
1274,1218,6,5,6,6,6,5,6,4,6,5,3,2,7,6,6,3,3,0,3,4,1,Samouel
1275,1219,6,6,2,6,6,5,5,4,6,4,2,3,6,6,6,3,3,0,3,3,1,Samouel
1276,1220,6,5,3,6,4,5,6,4,6,3,2,3,4,4,3,2,2,1,1,2,0,Samouel
1277,1221,6,5,6,6,6,5,6,4,5,5,3,2,7,7,6,3,3,0,2,4,1,Samouel
1278,1222,4,5,4,6,4,5,5,4,6,4,4,3,4,4,4,3,1,1,3,2,0,Samouel
1279,1223,7,6,2,7,2,5,5,4,7,4,2,3,6,5,5,3,3,0,3,4,1,Samouel
1280,1224,6,5,3,6,3,5,6,4,6,3,2,3,4,4,3,2,2,1,1,2,0,Samouel
1281,1225,6,5,6,6,6,5,6,4,6,5,3,2,7,6,6,3,3,0,3,4,1,Samouel
1282,1226,6,6,2,6,6,5,5,4,6,4,2,3,6,6,6,3,3,0,3,3,1,Samouel
1283,1227,6,5,3,6,4,5,6,4,6,3,2,3,4,4,3,2,2,1,1,2,0,Samouel
1284,1228,6,5,6,6,6,5,6,4,5,5,3,2,7,7,6,3,3,0,2,4,1,Samouel
1285,1229,4,5,4,6,4,5,5,4,6,4,4,3,4,4,4,3,1,1,3,2,0,Samouel
1286,1230,7,6,2,7,2,5,5,4,7,4,2,3,6,5,5,3,3,0,3,4,1,Samouel
1287,1231,6,5,3,6,3,5,6,4,6,3,2,3,4,4,3,2,2,1,1,2,0,Samouel
1288,1232,6,5,6,6,6,5,6,4,6,5,3,2,7,6,6,3,3,0,3,4,1,Samouel
1289,1233,6,6,2,6,6,5,5,4,6,4,2,3,6,6,6,3,3,0,3,3,1,Samouel
1290,1234,6,5,3,6,4,5,6,4,6,3,2,3,4,4,3,2,2,1,1,2,0,Samouel
1291,1235,6,5,6,6,6,5,6,4,5,5,3,2,7,7,6,3,3,0,2,4,1,Samouel
1292,1236,4,5,4,6,4,5,5,4,6,4,4,3,4,4,4,3,1,1,3,2,0,Samouel
1293,1237,7,6,2,7,2,5,5,4,7,4,2,3,6,5,5,3,3,0,3,4,1,Samouel
1294,1238,6,5,3,6,3,5,6,4,6,3,2,3,4,4,3,2,2,1,1,2,0,Samouel
1295,1239,6,5,6,6,6,5,6,4,6,5,3,2,7,6,6,3,3,0,3,4,1,Samouel
1296,1240,6,6,2,6,6,5,5,4,6,4,2,3,6,6,6,3,3,0,3,3,1,Samouel
1297,1241,6,5,3,6,4,5,6,4,6,3,2,3,4,4,3,2,2,1,1,2,0,Samouel
1298,1242,6,5,6,6,6,5,6,4,5,5,3,2,7,7,6,3,3,0,2,4,1,Samouel
1299,1243,4,5,4,6,4,5,5,4,6,4,4,3,4,4,4,3,1,1,3,2,0,Samouel
1300,1244,7,6,2,7,2,5,5,4,7,4,2,3,6,5,5,3,3,0,3,4,1,Samouel
1301,1245,6,5,3,6,3,5,6,4,6,3,2,3,4,4,3,2,2,1,1,2,0,Samouel
1302,1246,6,5,6,6,6,5,6,4,6,5,3,2,7,6,6,3,3,0,3,4,1,Samouel
1303,1247,6,6,2,6,6,5,5,4,6,4,2,3,6,6,6,3,3,0,3,3,1,Samouel
1304,1248,6,5,3,6,4,5,6,4,6,3,2,3,4,4,3,2,2,1,1,2,0,Samouel
1305,1249,6,5,6,6,6,5,6,4,5,5,3,2,7,7,6,3,3,0,2,4,1,Samouel
1306,1250,4,5,4,6,4,5,5,4,6,4,4,3,4,4,4,3,1,1,3,2,0,Samouel
1307,1251,7,6,2,7,2,5,5,4,7,4,2,3,6,5,5,3,3,0,3,4,1,Samouel
1308,1252,6,5,3,6,3,5,6,4,6,3,2,3,4,4,3,2,2,1,1,2,0,Samouel
1309,1253,6,5,6,6,6,5,6,4,6,5,3,2,7,6,6,3,3,0,3,4,1,Samouel
1310,1268,7,5,3,7,3,2,7,5,7,5,2,2,5,5,4,3,2,1,2,2,1,Samouel
1311,1269,4,6,4,6,2,2,5,5,6,3,2,1,4,4,4,1,1,1,4,4,0,Samouel
1312,1270,7,5,4,7,4,2,6,5,7,4,1,1,5,5,4,2,2,0,4,5,1,Samouel
1313,1271,7,5,5,7,5,2,4,5,7,5,2,2,5,5,5,3,2,1,3,2,1,Samouel
1314,1272,6,6,2,6,3,2,5,5,6,3,2,1,4,3,3,1,1,1,4,5,0,Samouel
1315,1273,7,5,4,7,4,2,6,5,7,4,1,1,5,4,4,1,2,0,4,5,0,Samouel
1316,1274,7,5,3,7,3,2,7,5,7,5,2,2,5,5,4,3,2,1,2,2,1,Samouel
1317,1275,4,6,4,6,2,2,5,5,6,3,2,1,4,4,4,1,1,1,4,4,0,Samouel
1318,1276,7,5,4,7,4,2,6,5,7,4,1,1,5,5,4,2,2,0,4,5,1,Samouel
1319,1277,7,5,5,7,5,2,4,5,7,5,2,2,5,5,5,3,2,1,3,2,1,Samouel
1320,1278,6,6,2,6,3,2,5,5,6,3,2,1,4,3,3,1,1,1,4,5,0,Samouel
1321,1279,7,5,4,7,4,2,6,5,7,4,1,1,5,4,4,1,2,0,4,5,0,Samouel
1322,1280,7,5,3,7,3,2,7,5,7,5,2,2,5,5,4,3,2,1,2,2,1,Samouel
1323,1281,4,6,4,6,2,2,5,5,6,3,2,1,4,4,4,1,1,1,4,4,0,Samouel
1324,1282,7,5,4,7,4,2,6,5,7,4,1,1,5,5,4,2,2,0,4,5,1,Samouel
1325,1283,7,5,5,7,5,2,4,5,7,5,2,2,5,5,5,3,2,1,3,2,1,Samouel
1326,1284,6,6,2,6,3,2,5,5,6,3,2,1,4,3,3,1,1,1,4,5,0,Samouel
1327,1285,7,5,4,7,4,2,6,5,7,4,1,1,5,4,4,1,2,0,4,5,0,Samouel
1328,1286,7,5,3,7,3,2,7,5,7,5,2,2,5,5,4,3,2,1,2,2,1,Samouel
1329,1287,4,6,4,6,2,2,5,5,6,3,2,1,4,4,4,1,1,1,4,4,0,Samouel
1330,1288,7,5,4,7,4,2,6,5,7,4,1,1,5,5,4,2,2,0,4,5,1,Samouel
1331,1289,7,5,5,7,5,2,4,5,7,5,2,2,5,5,5,3,2,1,3,2,1,Samouel
1332,1290,6,6,2,6,3,2,5,5,6,3,2,1,4,3,3,1,1,1,4,5,0,Samouel
1333,1291,7,5,4,7,4,2,6,5,7,4,1,1,5,4,4,1,2,0,4,5,0,Samouel
1334,1292,7,5,3,7,3,2,7,5,7,5,2,2,5,5,4,3,2,1,2,2,1,Samouel
1335,1293,4,6,4,6,2,2,5,5,6,3,2,1,4,4,4,1,1,1,4,4,0,Samouel
1336,1294,7,5,4,7,4,2,6,5,7,4,1,1,5,5,4,2,2,0,4,5,1,Samouel
1337,1295,7,5,5,7,5,2,4,5,7,5,2,2,5,5,5,3,2,1,3,2,1,Samouel
1338,1296,6,6,2,6,3,2,5,5,6,3,2,1,4,3,3,1,1,1,4,5,0,Samouel
1339,1297,7,5,4,7,4,2,6,5,7,4,1,1,5,4,4,1,2,0,4,5,0,Samouel
1340,1298,7,5,3,7,3,2,7,5,7,5,2,2,5,5,4,3,2,1,2,2,1,Samouel
1341,1299,4,6,4,6,2,2,5,5,6,3,2,1,4,4,4,1,1,1,4,4,0,Samouel
1342,1300,7,5,4,7,4,2,6,5,7,4,1,1,5,5,4,2,2,0,4,5,1,Samouel
1343,1301,7,5,5,7,5,2,4,5,7,5,2,2,5,5,5,3,2,1,3,2,1,Samouel
1344,1302,6,6,2,6,3,2,5,5,6,3,2,1,4,3,3,1,1,1,4,5,0,Samouel
1345,1303,7,5,4,7,4,2,6,5,7,4,1,1,5,4,4,1,2,0,4,5,0,Samouel
1346,1304,7,5,3,7,3,2,7,5,7,5,2,2,5,5,4,3,2,1,2,2,1,Samouel
1347,1305,4,6,4,6,2,2,5,5,6,3,2,1,4,4,4,1,1,1,4,4,0,Samouel
1348,1306,7,5,4,7,4,2,6,5,7,4,1,1,5,5,4,2,2,0,4,5,1,Samouel
1349,1307,7,5,5,7,5,2,4,5,7,5,2,2,5,5,5,3,2,1,3,2,1,Samouel
1350,1308,6,6,2,6,3,2,5,5,6,3,2,1,4,3,3,1,1,1,4,5,0,Samouel
1351,1309,7,5,4,7,4,2,6,5,7,4,1,1,5,4,4,1,2,0,4,5,0,Samouel
1352,1317,7,5,5,6,5,3,4,5,6,4,1,2,6,5,6,3,3,0,2,3,1,Samouel
1353,1318,7,7,3,7,6,3,5,5,7,4,2,2,6,6,6,3,3,0,3,4,1,Samouel
1354,1319,7,5,5,6,5,3,4,5,6,4,1,2,6,5,6,3,3,0,2,3,1,Samouel
1355,1320,7,7,3,7,6,3,5,5,7,4,2,2,6,6,6,3,3,0,3,4,1,Samouel
1356,1321,7,5,5,6,5,3,4,5,6,4,1,2,6,5,6,3,3,0,2,3,1,Samouel
1357,1322,7,7,3,7,6,3,5,5,7,4,2,2,6,6,6,3,3,0,3,4,1,Samouel
1358,1323,7,5,5,6,5,3,4,5,6,4,1,2,6,5,6,3,3,0,2,3,1,Samouel
1359,1324,7,7,3,7,6,3,5,5,7,4,2,2,6,6,6,3,3,0,3,4,1,Samouel
1360,1325,7,5,5,6,5,3,4,5,6,4,1,2,6,5,6,3,3,0,2,3,1,Samouel
1361,1326,7,7,3,7,6,3,5,5,7,4,2,2,6,6,6,3,3,0,3,4,1,Samouel
1362,1327,7,5,5,6,5,3,4,5,6,4,1,2,6,5,6,3,3,0,2,3,1,Samouel
1363,1328,7,7,3,7,6,3,5,5,7,4,2,2,6,6,6,3,3,0,3,4,1,Samouel
1364,1329,7,5,5,6,5,3,4,5,6,4,1,2,6,5,6,3,3,0,2,3,1,Samouel
1365,1330,7,7,3,7,6,3,5,5,7,4,2,2,6,6,6,3,3,0,3,4,1,Samouel
1366,1359,6,7,3,6,6,4,5,5,6,4,2,2,6,6,6,3,3,0,3,3,1,Samouel
1367,1360,5,6,5,5,5,4,5,5,5,4,4,2,6,5,5,3,2,0,3,3,1,Samouel
1368,1361,4,6,5,5,5,4,5,5,5,4,4,2,5,5,4,2,2,0,1,1,1,Samouel
1369,1362,6,7,3,6,6,4,5,5,6,4,2,2,6,6,6,3,3,0,3,3,1,Samouel
1370,1363,5,6,5,5,5,4,5,5,5,4,4,2,6,5,5,3,2,0,3,3,1,Samouel
1371,1364,4,6,5,5,5,4,5,5,5,4,4,2,5,5,4,2,2,0,1,1,1,Samouel
1372,1365,6,7,3,6,6,4,5,5,6,4,2,2,6,6,6,3,3,0,3,3,1,Samouel
1373,1366,5,6,5,5,5,4,5,5,5,4,4,2,6,5,5,3,2,0,3,3,1,Samouel
1374,1367,4,6,5,5,5,4,5,5,5,4,4,2,5,5,4,2,2,0,1,1,1,Samouel
1375,1368,6,7,3,6,6,4,5,5,6,4,2,2,6,6,6,3,3,0,3,3,1,Samouel
1376,1369,5,6,5,5,5,4,5,5,5,4,4,2,6,5,5,3,2,0,3,3,1,Samouel
1377,1370,4,6,5,5,5,4,5,5,5,4,4,2,5,5,4,2,2,0,1,1,1,Samouel
1378,1371,6,7,3,6,6,4,5,5,6,4,2,2,6,6,6,3,3,0,3,3,1,Samouel
1379,1372,5,6,5,5,5,4,5,5,5,4,4,2,6,5,5,3,2,0,3,3,1,Samouel
1380,1373,4,6,5,5,5,4,5,5,5,4,4,2,5,5,4,2,2,0,1,1,1,Samouel
1381,1374,6,7,3,6,6,4,5,5,6,4,2,2,6,6,6,3,3,0,3,3,1,Samouel
1382,1375,5,6,5,5,5,4,5,5,5,4,4,2,6,5,5,3,2,0,3,3,1,Samouel
1383,1376,4,6,5,5,5,4,5,5,5,4,4,2,5,5,4,2,2,0,1,1,1,Samouel
1384,1377,6,7,3,6,6,4,5,5,6,4,2,2,6,6,6,3,3,0,3,3,1,Samouel
1385,1378,5,6,5,5,5,4,5,5,5,4,4,2,6,5,5,3,2,0,3,3,1,Samouel
1386,1379,4,6,5,5,5,4,5,5,5,4,4,2,5,5,4,2,2,0,1,1,1,Samouel
1387,1387,6,7,3,7,4,3,6,6,6,4,2,2,7,6,6,3,2,1,2,4,1,Samouel
1388,1388,7,7,3,5,5,3,6,6,5,4,2,2,6,5,5,3,2,1,2,4,1,Samouel
1389,1389,6,7,3,7,4,3,6,6,6,4,2,2,7,6,6,3,2,1,2,4,1,Samouel
1390,1390,7,7,3,5,5,3,6,6,5,4,2,2,6,5,5,3,2,1,2,4,1,Samouel
1391,1391,6,7,3,7,4,3,6,6,6,4,2,2,7,6,6,3,2,1,2,4,1,Samouel
1392,1392,7,7,3,5,5,3,6,6,5,4,2,2,6,5,5,3,2,1,2,4,1,Samouel
1393,1393,6,7,3,7,4,3,6,6,6,4,2,2,7,6,6,3,2,1,2,4,1,Samouel
1394,1394,7,7,3,5,5,3,6,6,5,4,2,2,6,5,5,3,2,1,2,4,1,Samouel
1395,1395,6,7,3,7,4,3,6,6,6,4,2,2,7,6,6,3,2,1,2,4,1,Samouel
1396,1396,7,7,3,5,5,3,6,6,5,4,2,2,6,5,5,3,2,1,2,4,1,Samouel
1397,1397,6,7,3,7,4,3,6,6,6,4,2,2,7,6,6,3,2,1,2,4,1,Samouel
1398,1398,7,7,3,5,5,3,6,6,5,4,2,2,6,5,5,3,2,1,2,4,1,Samouel
1399,1399,6,7,3,7,4,3,6,6,6,4,2,2,7,6,6,3,2,1,2,4,1,Samouel
1400,1400,7,7,3,5,5,3,6,6,5,4,2,2,6,5,5,3,2,1,2,4,1,Samouel